Sim_Start_Date,Sim_End_Date,Algorithm_Value,Funds,Investing,Income,Taxes,Purchase_Count,Sell_Count,Div_Count,Average_Income,Median_Income,Back_Test_Count,Research_Range_In_Days,Dataframe_Range_In_Years,Past_Periods,Indicator_List,Indicator_Strength,Buy_Pattern,Sell_Pattern,Sell_Profit,Sell_Loss,Max_Stock_Count,Max_Stock_Percent,Max_Sector_Percent
2023-06-13,2023-07-11,1.3959,3000,3154.0,154.29,16.97,2,1,0,154.29,154.29,10,28,5,55,chop,0,I/D,I/I,0.055,-0.3,1,1,1
2023-06-13,2023-07-11,1.5143,3000,0,154.29,16.97,1,1,0,154.29,154.29,10,28,5,130,pvo/bollinger,1,D/D/I,D/I/I,0.06,-0.26,1,1,1
2023-06-13,2023-07-11,1.3959,3000,0,118.76,13.06,1,1,0,118.76,118.76,10,28,5,65,bop,2,I/I,IGNORE,0.005,-0.23,1,1,1
2023-06-13,2023-07-11,1.3941,3000,0,118.24,13.01,1,1,0,118.24,118.24,10,28,5,10,adx/adl/bollinger/macd,0,I/I/D/D/I,D/I/I/D/I,0.04,-0.05,1,1,1
2023-06-13,2023-07-11,1.6051,3000,0,154.29,16.97,1,1,0,154.29,154.29,10,28,5,150,chandelier,0,D/D,IGNORE,0.05,-0.26,1,1,1
2023-06-13,2023-07-11,1.8805,3000,0,154.29,16.97,1,1,0,154.29,154.29,10,28,5,60,pvo/zigzag/macd,2,I/I/I/I,I/D/I/D,0.06,-0.26,1,1,1
2023-06-13,2023-07-11,1.1256,3000,3118.0,118.76,13.06,2,1,0,118.76,118.76,10,28,5,175,adx,1,I/D,IGNORE,0.01,-0.25,1,1,1
2023-06-13,2023-07-11,1.4049,3000,0,73.01,8.03,1,1,0,73.01,73.01,10,28,5,200,macd/zigzag,4,I/I/I,IGNORE,0.01,-0.22,1,1,1
2023-06-13,2023-07-11,1.2473,3000,3154.0,154.29,16.97,2,1,0,154.29,154.29,10,28,5,185,aroon/mfi,1,I/I/I,IGNORE,0.065,-0.28,1,1,1
2023-06-13,2023-07-11,1.5143,3000,0,154.29,16.97,1,1,0,154.29,154.29,10,28,5,115,chop/stochastic/obv,1,D/D/I/D,IGNORE,0.055,-0.28,1,1,1
2023-06-13,2023-07-11,1.3959,3000,0,118.76,13.06,1,1,0,118.76,118.76,10,28,5,115,pivots/aroon/bollinger/chandelier,0,D/D/I/I/D,IGNORE,0.01,-0.23,1,1,1
2023-06-13,2023-07-11,1.6437,3000,0,145.67,16.02,2,2,0,72.83,72.83,10,28,5,60,pvo,3,I/I,I/D,0.005,-0.29,1,1,1
2023-06-13,2023-07-11,1.409,3000,3118.0,118.76,13.06,2,1,0,118.76,118.76,10,28,5,25,adl/chop,0,I/I/D,I/D/I,0.02,-0.18,1,1,1
2023-06-13,2023-07-11,1.5143,3000,0,154.29,16.97,1,1,0,154.29,154.29,10,28,5,10,stochastic/pvo,4,I/I/I,D/D/I,0.065,-0.22,1,1,1
2023-06-14,2023-07-12,0.9866,3000,3025.0,25.9,2.85,2,1,0,25.9,25.9,10,28,5,5,bollinger,0,I/D,I/I,0.055,-0.25,1,1,1
2023-06-14,2023-07-12,0.8527,3000,3029.0,29.41,3.24,3,2,0,14.71,14.71,10,28,5,65,adl/bollinger/elder/mfi,1,I/I/I/I/I,IGNORE,0.01,-0.1,1,1,1
2023-06-14,2023-07-12,1.1525,3000,0,45.75,5.03,1,1,0,45.75,45.75,10,28,5,35,adx/stochastic/pvo,1,I/I/I/I,I/D/I/D,0.015,-0.2,1,1,1
2023-06-14,2023-07-12,0.8147,3000,3044.0,44.41,4.88,3,2,0,22.2,22.2,10,28,5,45,adx/elder/chandelier,1,I/I/I/I,I/D/I/D,0.005,-0.28,1,1,1
2023-06-14,2023-07-12,0.7138,3000,3034.0,34.18,3.76,2,1,0,34.18,34.18,10,28,5,110,adx/rsi/stochastic/macd/zigzag,0,I/D/I/I/I/I,D/D/I/I/D/I,0.025,-0.15,1,1,1
2023-06-14,2023-07-12,1.3325,3000,0,99.74,10.97,1,1,0,99.74,99.74,10,28,5,140,bop/elder,4,I/I/I,I/I/D,0.02,-0.07,1,1,1
2023-06-14,2023-07-12,1.0666,3000,3077.0,77.38,8.51,3,2,0,38.69,38.69,10,28,5,35,obv/adx,1,I/I/I,I/D/I,0.01,-0.04,1,1,1
2023-06-14,2023-07-12,1.2459,3000,0,2.17,0.24,1,1,0,2.17,2.17,10,28,5,115,chop,0,D/D,D/I,0.01,-0.11,1,1,1
2023-06-14,2023-07-12,1.6814,3000,0,118.24,13.01,1,1,0,118.24,118.24,10,28,5,155,adl/chop/elder/bop,1,I/I/D/I/I,D/I/I/I/D,0.025,-0.12,1,1,1
2023-06-14,2023-07-12,0.854,3000,3106.0,106.19,11.68,2,1,0,106.19,106.19,10,28,5,60,elder,5,I/I,D/I,0.035,-0.25,1,1,1
2023-06-14,2023-07-12,1.2644,3000,0,44.41,4.88,2,2,0,22.2,22.2,10,28,5,90,adx/zigzag,0,I/I/I,IGNORE,0.005,-0.29,1,1,1
2023-06-14,2023-07-12,1.1063,3000,0,2.17,0.24,1,1,0,2.17,2.17,10,28,5,160,zigzag/adx,0,D/D/D,IGNORE,0.01,-0.28,1,1,1
2023-06-14,2023-07-12,1.1139,3000,0,34.18,3.76,1,1,0,34.18,34.18,10,28,5,110,chandelier,0,I/D,D/D,0.025,-0.11,1,1,1
2023-06-14,2023-07-12,1.2919,3000,3118.0,118.24,13.01,2,1,0,118.24,118.24,10,28,5,185,bollinger,0,I/I,D/D,0.03,-0.03,1,1,1
2023-06-14,2023-07-12,1.4955,3000,0,106.19,11.68,1,1,0,106.19,106.19,10,28,5,110,macd,4,I/I,IGNORE,0.035,-0.25,1,1,1
2023-06-14,2023-07-12,0.9854,3000,3106.0,106.99,11.77,2,1,0,106.99,106.99,10,28,5,155,adx,0,I/I,D/I,0.035,-0.28,1,1,1
2023-06-14,2023-07-12,1.1917,3000,0,57.52,6.33,3,3,0,19.17,18.72,10,28,5,135,stochastic/chandelier/mfi/macd,1,I/I/I/I/I,D/I/I/D/I,0.005,-0.25,1,1,1
2023-06-14,2023-07-12,0.7099,3000,3027.0,27.22,2.99,2,1,0,27.22,27.22,10,28,5,140,adl,1,I/I,D/D,0.01,-0.14,1,1,1
2023-06-14,2023-07-12,0.924,3000,3077.0,77.19,8.49,3,2,0,38.59,38.59,10,28,5,140,aroon,2,I/I,I/D,0.01,-0.18,1,1,1
2023-06-14,2023-07-12,1.5603,3000,0,111.63,12.28,1,1,0,111.63,111.63,10,28,5,35,rsi/elder/aroon,1,I/I/I/I,D/I/I/D,0.04,-0.07,1,1,1
2023-06-14,2023-07-12,1.108,3000,3045.0,45.75,5.03,2,1,0,45.75,45.75,10,28,5,95,zigzag/chandelier,0,I/I/I,D/I/I,0.015,-0.05,1,1,1
2023-06-14,2023-07-12,1.6051,3000,0,90.0,9.9,1,1,0,90.0,90.0,10,28,5,10,adx,0,D/I,I/I,0.08,-0.1,1,1,1
2023-06-15,2023-07-13,1.7804,3000,0,34.18,3.76,1,1,0,34.18,34.18,10,28,5,5,bop/pivots,0,I/I/I,IGNORE,0.02,-0.19,1,1,1
2023-06-18,2023-07-16,1.3457,3000,3027.0,27.22,2.99,2,1,0,27.22,27.22,10,28,5,5,adl/rsi,0,I/I/I,I/D/D,0.01,-0.12,1,1,1
2023-06-18,2023-07-16,1.0485,3000,0,14.56,1.6,1,1,0,14.56,14.56,10,28,5,45,stochastic/adl,1,I/I/I,I/D/I,0.09,-0.08,1,1,1
2023-06-18,2023-07-16,1.5185,3000,0,37.62,4.14,1,1,0,37.62,37.62,10,28,5,20,chop,1,I/D,D/I,0.055,-0.23,1,1,1
2023-06-18,2023-07-16,0.6956,3000,3058.0,58.67,6.45,2,1,0,58.67,58.67,10,28,5,25,aroon/macd,4,I/D/I,IGNORE,0.015,-0.13,1,1,1
2023-06-18,2023-07-16,0.8325,3000,3099.0,99.74,10.97,2,1,0,99.74,99.74,10,28,5,80,bollinger/chop,1,I/I/D,D/D/D,0.02,-0.22,1,1,1
2023-06-18,2023-07-16,1.3946,3000,0,58.47,6.43,1,1,0,58.47,58.47,10,28,5,10,obv/elder/adl/zigzag/bop,0,I/I/I/I/I/I,IGNORE,0.005,-0.21,1,1,1
2023-06-18,2023-07-16,1.4165,3000,0,45.75,5.03,1,1,0,45.75,45.75,10,28,5,80,aroon,2,I/I,IGNORE,0.02,-0.16,1,1,1
2023-06-18,2023-07-16,1.4088,3000,0,17.91,1.97,1,1,0,17.91,17.91,10,28,5,60,aroon/mfi,1,I/I/I,IGNORE,0.005,-0.02,1,1,1
2023-06-18,2023-07-16,1.3354,3000,0,24.74,2.72,3,3,0,8.25,18.51,10,28,5,140,aroon/macd/rsi,2,I/I/I/I,D/I/I/I,0.005,-0.27,1,1,1
2023-06-18,2023-07-16,1.5974,3000,0,37.62,4.14,1,1,0,37.62,37.62,10,28,5,20,mfi,0,I/I,D/D,0.09,-0.19,1,1,1
2023-06-18,2023-07-16,1.5369,3000,0,24.74,2.72,3,3,0,8.25,18.51,10,28,5,150,chop,0,I/D,I/I,0.005,-0.26,1,1,1
2023-06-18,2023-07-16,1.4802,3000,0,106.99,11.77,1,1,0,106.99,106.99,10,28,5,15,chop/adl/obv,0,I/D/D/I,IGNORE,0.035,-0.22,1,1,1
2023-06-18,2023-07-16,1.0975,3000,3045.0,45.75,5.03,2,1,0,45.75,45.75,10,28,5,160,zigzag,0,I/I,D/I,0.02,-0.12,1,1,1
2023-06-18,2023-07-16,1.6503,3000,0,72.39,7.96,3,3,0,24.13,20.15,10,28,5,35,adl/adx/rsi,0,I/I/I/I,IGNORE,0.005,-0.25,1,1,1
2023-06-18,2023-07-16,1.1525,3000,0,45.75,5.03,1,1,0,45.75,45.75,10,28,5,75,mfi/stochastic/rsi,1,I/I/I/I,I/D/D/I,0.02,-0.11,1,1,1
2023-06-18,2023-07-16,1.0538,3000,3118.0,118.24,13.01,2,1,0,118.24,118.24,10,28,5,90,adx/adl,1,I/I/I,D/I/I,0.035,-0.09,1,1,1
2023-06-18,2023-07-16,1.2624,3000,0,78.73,8.66,1,1,0,78.73,78.73,10,28,5,185,macd/chop,1,I/I/D,IGNORE,0.03,-0.07,1,1,1
2023-06-18,2023-07-16,1.3671,3000,0,58.47,6.43,1,1,0,58.47,58.47,10,28,5,70,bop,3,I/I,IGNORE,0.005,-0.24,1,1,1
2023-06-18,2023-07-16,0.9002,3000,3078.0,78.73,8.66,2,1,0,78.73,78.73,10,28,5,195,elder/chandelier/aroon/pivots,1,I/I/I/I/I,I/D/I/I/I,0.025,-0.07,1,1,1
2023-06-18,2023-07-16,1.4895,3000,0,119.61,13.16,1,1,0,119.61,119.61,10,28,5,10,bop/adx,0,I/D/I,D/D/D,0.07,-0.29,1,1,1
2023-06-18,2023-07-16,1.0819,3000,0,24.58,2.7,1,1,0,24.58,24.58,10,28,5,45,pvo,3,I/I,I/D,0.085,-0.18,1,1,1
2023-06-18,2023-07-16,1.2836,3000,0,45.75,5.03,1,1,0,45.75,45.75,10,28,5,170,elder,4,I/I,IGNORE,0.02,-0.25,1,1,1
2023-06-21,2023-07-19,1.486,3000,0,58.67,6.45,1,1,0,58.67,58.67,10,28,5,90,macd,2,I/I,IGNORE,0.005,-0.23,1,1,1
2023-06-21,2023-07-19,1.3196,3000,0,58.67,6.45,1,1,0,58.67,58.67,10,28,5,45,stochastic,1,I/I,IGNORE,0.02,-0.17,1,1,1
2023-06-21,2023-07-19,1.3221,3000,0,58.67,6.45,1,1,0,58.67,58.67,10,28,5,100,obv,0,I/D,IGNORE,0.02,-0.29,1,1,1
2023-06-21,2023-07-19,1.0346,3000,3091.0,91.35,10.05,2,1,0,91.35,91.35,10,28,5,90,elder/zigzag/obv,0,I/I/I/I,I/I/D/D,0.015,-0.02,1,1,1
2023-06-21,2023-07-19,1.5099,3000,0,58.67,6.45,1,1,0,58.67,58.67,10,28,5,145,zigzag/chandelier/pvo/adl/pivots,0,I/I/I/I/I/I,I/D/D/I/I/D,0.015,-0.27,1,1,1
2023-06-21,2023-07-19,0.6956,3000,3058.0,58.67,6.45,2,1,0,58.67,58.67,10,28,5,85,bop,5,I/I,D/I,0.015,-0.03,1,1,1
2023-06-21,2023-07-19,1.064,3000,3078.0,78.73,8.66,2,1,0,78.73,78.73,10,28,5,60,aroon/pivots/mfi/rsi,0,I/I/I/I/I,IGNORE,0.025,-0.24,1,1,1
2023-06-21,2023-07-19,1.1917,3000,0,57.52,6.33,3,3,0,19.17,18.72,10,28,5,70,adl/chop,1,I/I/D,I/D/D,0.005,-0.05,1,1,1
2023-06-21,2023-07-19,1.6187,3000,0,92.36,10.16,2,2,0,46.18,46.18,10,28,5,145,aroon,3,I/I,IGNORE,0.01,-0.08,1,1,1
2023-06-21,2023-07-19,1.4405,3000,0,90.55,9.96,1,1,0,90.55,90.55,10,28,5,185,bop,5,I/I,IGNORE,0.025,-0.11,1,1,1
2023-06-21,2023-07-19,0.9831,3000,3058.0,58.67,6.45,2,1,0,58.67,58.67,10,28,5,60,pivots,0,I/I,I/D,0.02,-0.1,1,1,1
2023-06-21,2023-07-19,1.1432,3000,3058.0,58.67,6.45,2,1,0,58.67,58.67,10,28,5,165,chop,0,I/D,IGNORE,0.02,-0.09,1,1,1
2023-06-21,2023-07-19,1.2624,3000,0,78.73,8.66,1,1,0,78.73,78.73,10,28,5,145,aroon/chop,3,I/I/D,D/I/I,0.025,-0.05,1,1,1
2023-06-21,2023-07-19,1.1949,3000,0,58.47,6.43,1,1,0,58.47,58.47,10,28,5,85,bollinger,5,I/I,I/D,0.015,-0.29,1,1,1
2023-06-21,2023-07-19,1.6564,3000,0,99.74,10.97,1,1,0,99.74,99.74,10,28,5,15,bollinger/mfi/rsi,0,I/D/I/I,I/D/D/I,0.01,-0.21,1,1,1
2023-06-24,2023-07-22,1.5128,3000,0,90.55,9.96,1,1,0,90.55,90.55,10,28,5,45,obv,0,I/I,D/I,0.015,-0.03,1,1,1
2023-06-24,2023-07-22,1.8041,3000,0,204.72,22.52,2,2,0,102.36,102.36,10,28,5,10,elder,1,I/D,I/I,0.04,-0.06,1,1,1
2023-06-24,2023-07-22,1.2967,3000,0,51.84,5.7,2,2,0,25.92,25.92,10,28,5,120,elder/rsi,2,I/I/I,D/I/D,0.035,-0.02,1,1,1
2023-06-24,2023-07-22,1.6112,3000,0,183.36,20.17,2,2,0,91.68,91.68,10,28,5,135,pivots/stochastic,1,I/I/I,D/I/I,0.015,-0.09,1,1,1
2023-06-24,2023-07-22,0.9753,3000,3106.0,106.19,11.68,2,1,0,106.19,106.19,10,28,5,115,bollinger,1,I/I,IGNORE,0.035,-0.09,1,1,1
2023-06-24,2023-07-22,1.8339,3000,0,1.31,0.14,1,1,0,1.31,1.31,10,28,5,5,mfi/chandelier,0,I/I/D,I/I/I,0.085,-0.22,1,1,1
2023-06-24,2023-07-22,1.1367,3000,0,41.02,4.51,1,1,0,41.02,41.02,10,28,5,70,obv/pvo,0,I/I/I,IGNORE,0.015,-0.07,1,1,1
2023-06-24,2023-07-22,1.4372,3000,0,131.16,14.43,1,1,0,131.16,131.16,10,28,5,45,elder/bollinger/aroon,0,I/I/D/I,IGNORE,0.025,-0.29,1,1,1
2023-06-24,2023-07-22,1.1221,3000,0,36.63,4.03,1,1,0,36.63,36.63,10,28,5,25,adl/adx/chop/obv,0,I/I/I/I/I,I/I/I/D/D,0.01,-0.2,1,1,1
2023-06-24,2023-07-22,1.3711,3000,3147.0,147.28,16.2,3,2,0,73.64,73.64,10,28,5,170,bollinger,0,I/I,D/D,0.02,-0.07,1,1,1
2023-06-24,2023-07-22,1.4584,3000,3167.0,167.43,18.42,4,3,0,55.81,72.21,10,28,5,180,stochastic,0,I/I,I/D,0.01,-0.3,1,1,1
2023-06-24,2023-07-22,1.3702,3000,0,74.66,8.21,1,1,0,74.66,74.66,10,28,5,190,pvo,2,I/I,IGNORE,0.03,-0.23,1,1,1
2023-06-24,2023-07-22,0.8018,3000,3090.0,90.55,9.96,2,1,0,90.55,90.55,10,28,5,100,bollinger,3,I/I,IGNORE,0.03,-0.16,1,1,1
2023-06-24,2023-07-22,1.3442,3000,0,90.55,9.96,1,1,0,90.55,90.55,10,28,5,15,adx,1,I/I,D/I,0.015,-0.06,1,1,1
2023-06-24,2023-07-22,0.6944,3000,3058.0,58.32,6.42,2,1,0,58.32,58.32,10,28,5,155,adl,2,I/I,IGNORE,0.025,-0.17,1,1,1
2023-06-24,2023-07-22,1.7611,3000,0,185.6,20.42,1,1,0,185.6,185.6,10,28,5,20,elder/bop/macd,3,I/I/I/I,D/I/D/I,0.045,-0.15,1,1,1
2023-06-24,2023-07-22,1.2593,3000,0,55.08,6.06,1,1,0,55.08,55.08,10,28,5,40,aroon/stochastic/adx,2,I/I/D/I,IGNORE,0.02,-0.13,1,1,1
2023-06-24,2023-07-22,1.1159,3000,3184.0,184.77,20.32,2,1,0,184.77,184.77,10,28,5,190,adl/chop/pivots/chandelier/stochastic,0,I/I/D/I/I/I,I/D/D/I/I/D,0.05,-0.07,1,1,1
2023-06-24,2023-07-22,1.6864,3000,0,183.36,20.17,2,2,0,91.68,91.68,10,28,5,130,mfi,1,I/I,IGNORE,0.015,-0.26,1,1,1
2023-06-24,2023-07-22,1.8322,3000,0,164.47,18.09,3,3,0,54.82,50.6,10,28,5,15,aroon,0,I/D,IGNORE,0.005,-0.2,1,1,1
2023-06-24,2023-07-22,1.2317,3000,3148.0,148.67,16.35,2,1,0,148.67,148.67,10,28,5,185,chandelier/zigzag,0,I/I/I,D/I/D,0.055,-0.2,1,1,1
2023-06-24,2023-07-22,1.8981,3000,3196.0,196.74,21.64,3,2,0,98.37,98.37,10,28,5,15,zigzag,0,I/I,D/I,0.015,-0.14,1,1,1
2023-06-24,2023-07-22,1.7932,3000,0,186.15,20.48,2,2,0,93.07,93.07,10,28,5,60,elder,5,I/I,I/D,0.015,-0.1,1,1,1
2023-06-24,2023-07-22,1.1458,3000,3106.0,106.19,11.68,2,1,0,106.19,106.19,10,28,5,135,chop,0,I/D,D/D,0.035,-0.27,1,1,1
2023-06-24,2023-07-22,1.4205,3000,0,90.11,9.91,1,1,0,90.11,90.11,10,28,5,125,pvo,3,I/I,IGNORE,0.015,-0.28,1,1,1
2023-06-24,2023-07-22,1.6611,3000,0,149.93,16.49,2,2,0,74.96,74.96,10,28,5,65,elder/pivots/aroon/stochastic,2,I/I/I/I/I,I/D/I/I/D,0.01,-0.1,1,1,1
2023-06-24,2023-07-22,1.3094,3000,0,92.81,10.21,1,1,0,92.81,92.81,10,28,5,70,elder/pivots,4,I/I/I,I/D/I,0.015,-0.16,1,1,1
2023-06-24,2023-07-22,1.1089,3000,0,19.68,2.16,1,1,0,19.68,19.68,10,28,5,140,pvo/mfi/bop,1,I/D/I/I,D/D/D/D,0.005,-0.05,1,1,1
2023-06-24,2023-07-22,1.4057,3000,3184.0,184.77,20.32,2,1,0,184.77,184.77,10,28,5,185,mfi/stochastic,0,I/I/I,D/D/D,0.05,-0.12,1,1,1
2023-06-24,2023-07-22,0.8018,3000,3090.0,90.55,9.96,2,1,0,90.55,90.55,10,28,5,50,chop,1,I/D,IGNORE,0.025,-0.21,1,1,1
2023-06-24,2023-07-22,1.253,3000,0,75.89,8.35,1,1,0,75.89,75.89,10,28,5,120,adx/macd,5,I/I/I,D/D/I,0.01,-0.29,1,1,1
2023-06-24,2023-07-22,2.2057,3000,0,129.31,14.22,2,2,0,64.66,64.66,10,28,5,20,stochastic,0,I/I,IGNORE,0.005,-0.19,1,1,1
2023-06-24,2023-07-22,1.5337,3000,0,89.2,9.81,1,1,0,89.2,89.2,10,28,5,25,rsi/bollinger,0,I/I/I,I/D/D,0.06,-0.21,1,1,1
2023-06-24,2023-07-22,1.4983,3000,0,149.48,16.44,1,1,0,149.48,149.48,10,28,5,140,bop,3,I/I,D/D,0.055,-0.13,1,1,1
2023-06-24,2023-07-22,0.8018,3000,3090.0,90.55,9.96,2,1,0,90.55,90.55,10,28,5,30,macd/adx/aroon,1,I/I/I/D,D/D/I/I,0.025,-0.16,1,1,1
2023-06-24,2023-07-22,1.6159,3000,0,184.77,20.32,1,1,0,184.77,184.77,10,28,5,115,bop/rsi,2,I/I/I,I/I/D,0.045,-0.04,1,1,1
2023-06-24,2023-07-22,1.75,3000,0,147.28,16.2,2,2,0,73.64,73.64,10,28,5,195,pivots/pvo,1,I/I/I,D/D/D,0.02,-0.14,1,1,1
2023-06-24,2023-07-22,1.8504,3000,0,167.43,18.42,3,3,0,55.81,72.21,10,28,5,110,bop/pvo,3,I/I/I,D/I/I,0.01,-0.15,1,1,1
2023-06-24,2023-07-22,1.6812,3000,0,75.89,8.35,1,1,0,75.89,75.89,10,28,5,80,pvo/pivots,0,I/D/I,D/D/D,0.01,-0.12,1,1,1
2023-06-24,2023-07-22,1.0916,3000,3110.0,110.82,12.19,2,1,0,110.82,110.82,10,28,5,65,chandelier,0,I/I,I/D,0.04,-0.28,1,1,1
2023-06-24,2023-07-22,1.7322,3000,0,147.28,16.2,2,2,0,73.64,73.64,10,28,5,130,adl,1,I/I,IGNORE,0.02,-0.14,1,1,1
2023-06-24,2023-07-22,1.3018,3000,0,90.55,9.96,1,1,0,90.55,90.55,10,28,5,120,adx,0,I/D,D/I,0.03,-0.07,1,1,1
2023-06-24,2023-07-22,0.854,3000,3106.0,106.19,11.68,2,1,0,106.19,106.19,10,28,5,175,adl,2,I/I,I/D,0.035,-0.09,1,1,1
2023-06-24,2023-07-22,1.1257,3000,0,37.71,4.15,1,1,0,37.71,37.71,10,28,5,90,bop/pvo,4,I/I/I,D/D/D,0.015,-0.08,1,1,1
2023-06-24,2023-07-22,1.3151,3000,0,41.98,4.62,1,1,0,41.98,41.98,10,28,5,5,chandelier/bop,0,I/D/D,I/I/D,0.09,-0.1,1,1,1
2023-06-24,2023-07-22,1.3018,3000,0,90.55,9.96,1,1,0,90.55,90.55,10,28,5,85,adx/pvo/bollinger,3,I/I/I/I,IGNORE,0.03,-0.25,1,1,1
2023-06-24,2023-07-22,0.916,3000,3110.0,110.82,12.19,2,1,0,110.82,110.82,10,28,5,145,stochastic/bop/mfi,1,I/I/I/I,I/I/D/I,0.04,-0.05,1,1,1
2023-06-24,2023-07-22,1.3557,3000,3184.0,184.77,20.32,2,1,0,184.77,184.77,10,28,5,185,rsi,0,I/I,D/I,0.05,-0.1,1,1,1
2023-06-24,2023-07-22,0.5704,3000,3021.0,21.12,2.32,2,1,0,21.12,21.12,10,28,5,185,adl/adx/aroon,2,I/I/I/I,IGNORE,0.01,-0.02,1,1,1
2023-06-24,2023-07-22,1.7704,3000,3167.0,167.43,18.42,4,3,0,55.81,72.21,10,28,5,125,chandelier,0,I/I,D/I,0.01,-0.18,1,1,1
2023-06-24,2023-07-22,1.7938,3000,0,111.63,12.28,1,1,0,111.63,111.63,10,28,5,10,pvo/adl,1,D/D/D,D/I/D,0.04,-0.18,1,1,1
2023-06-24,2023-07-22,1.2407,3000,0,72.21,7.94,1,1,0,72.21,72.21,10,28,5,180,bop/rsi,2,I/I/I,D/I/D,0.005,-0.22,1,1,1
2023-06-24,2023-07-22,1.6758,3000,3110.0,110.82,12.19,2,1,0,110.82,110.82,10,28,5,5,bollinger,0,D/D,I/D,0.055,-0.22,1,1,1
2023-06-24,2023-07-22,0.854,3000,3106.0,106.19,11.68,2,1,0,106.19,106.19,10,28,5,80,stochastic,1,I/I,I/D,0.035,-0.3,1,1,1
2023-06-24,2023-07-22,1.2651,3000,0,79.53,8.75,1,1,0,79.53,79.53,10,28,5,180,pvo,4,I/D,IGNORE,0.01,-0.17,1,1,1
2023-06-24,2023-07-22,1.7407,3000,0,183.36,20.17,2,2,0,91.68,91.68,10,28,5,85,aroon,2,I/I,D/D,0.015,-0.18,1,1,1
2023-06-24,2023-07-22,1.6071,3000,0,145.25,15.98,2,2,0,72.63,72.63,10,28,5,50,pvo,4,I/D,IGNORE,0.005,-0.04,1,1,1
2023-06-24,2023-07-22,1.4282,3000,0,104.46,11.49,1,1,0,104.46,104.46,10,28,5,35,elder,0,I/D,IGNORE,0.01,-0.08,1,1,1
2023-06-24,2023-07-22,1.5498,3000,0,90.55,9.96,1,1,0,90.55,90.55,10,28,5,55,bollinger,2,I/I,D/I,0.015,-0.29,1,1,1
2023-06-24,2023-07-22,1.354,3000,0,106.19,11.68,1,1,0,106.19,106.19,10,28,5,120,obv/macd,2,I/D/I,IGNORE,0.035,-0.17,1,1,1
2023-06-24,2023-07-22,1.3381,3000,3184.0,184.77,20.32,2,1,0,184.77,184.77,10,28,5,80,zigzag,0,I/I,IGNORE,0.045,-0.29,1,1,1
2023-06-24,2023-07-22,1.1461,3000,0,2.98,0.33,1,1,0,2.98,2.98,10,28,5,190,macd,0,I/I,I/D,0.02,-0.21,1,1,1
2023-06-24,2023-07-22,1.5039,3000,0,95.67,10.52,1,1,0,95.67,95.67,10,28,5,25,chandelier/bollinger/adx,1,I/I/D/I,IGNORE,0.035,-0.3,1,1,1
2023-06-24,2023-07-22,0.6944,3000,3058.0,58.32,6.42,2,1,0,58.32,58.32,10,28,5,200,rsi/bop/elder/adl,3,I/I/I/I/I,I/D/D/I/D,0.025,-0.2,1,1,1
2023-06-24,2023-07-22,1.5051,3000,0,79.53,8.75,1,1,0,79.53,79.53,10,28,5,5,chop/elder/mfi/aroon,0,D/I/D/I/D,IGNORE,0.01,-0.1,1,1,1
2023-06-24,2023-07-22,1.5549,3000,0,101.16,11.13,2,2,0,50.58,50.58,10,28,5,40,bollinger/stochastic,0,I/I/D,I/D/I,0.02,-0.03,1,1,1
2023-06-24,2023-07-22,1.7344,3000,0,149.48,16.44,1,1,0,149.48,149.48,10,28,5,155,bop,1,I/I,D/I,0.055,-0.21,1,1,1
2023-06-24,2023-07-22,1.3595,3000,0,50.3,5.53,1,1,0,50.3,50.3,10,28,5,75,elder/pivots/macd/aroon/stochastic,1,I/I/I/I/I/I,D/D/I/I/D/I,0.005,-0.27,1,1,1
2023-06-24,2023-07-22,1.3694,3000,0,110.82,12.19,1,1,0,110.82,110.82,10,28,5,140,rsi/pvo/macd/obv/chop,0,I/I/I/I/D/D,IGNORE,0.04,-0.2,1,1,1
2023-06-24,2023-07-22,1.0839,3000,3090.0,90.55,9.96,2,1,0,90.55,90.55,10,28,5,75,adx,1,I/I,IGNORE,0.025,-0.25,1,1,1
2023-06-24,2023-07-22,1.6205,3000,0,147.28,16.2,2,2,0,73.64,73.64,10,28,5,85,aroon,2,I/I,D/I,0.02,-0.11,1,1,1
2023-06-24,2023-07-22,1.3909,3000,0,90.55,9.96,1,1,0,90.55,90.55,10,28,5,45,elder/adl/macd/rsi/bollinger,1,I/I/I/I/I/I,D/D/I/D/D/I,0.025,-0.29,1,1,1
2023-06-24,2023-07-22,1.0162,3000,3090.0,90.55,9.96,2,1,0,90.55,90.55,10,28,5,125,zigzag/chandelier/mfi/rsi,0,I/I/I/I/I,I/D/D/D/I,0.03,-0.22,1,1,1
2023-06-24,2023-07-22,2.5518,3000,0,237.2,26.09,3,3,0,79.07,90.55,10,28,5,5,rsi,0,D/D,IGNORE,0.015,-0.09,1,1,1
2023-06-24,2023-07-22,1.2489,3000,0,74.66,8.21,1,1,0,74.66,74.66,10,28,5,100,chandelier/stochastic,2,I/I/I,I/D/I,0.03,-0.3,1,1,1
2023-06-24,2023-07-22,1.0916,3000,3110.0,110.82,12.19,2,1,0,110.82,110.82,10,28,5,65,chandelier,0,I/I,IGNORE,0.04,-0.24,1,1,1
2023-06-24,2023-07-22,1.1668,3000,3150.0,150.03,16.5,3,2,0,75.02,75.02,10,28,5,65,bop,3,I/I,I/D,0.025,-0.08,1,1,1
2023-06-25,2023-07-23,1.9155,3000,0,90.55,9.96,1,1,0,90.55,90.55,10,28,5,10,obv,0,I/I,IGNORE,0.015,-0.02,1,1,1
2023-06-25,2023-07-23,1.3113,3000,0,93.39,10.27,1,1,0,93.39,93.39,10,28,5,15,macd,4,I/D,D/I,0.01,-0.18,1,1,1
2023-06-25,2023-07-23,2.0116,3000,0,91.35,10.05,1,1,0,91.35,91.35,10,28,5,10,bollinger,1,D/D,I/D,0.03,-0.28,1,1,1
2023-06-25,2023-07-23,1.354,3000,0,106.19,11.68,1,1,0,106.19,106.19,10,28,5,130,pvo/rsi,5,I/I/I,I/D/I,0.035,-0.21,1,1,1
2023-06-25,2023-07-23,0.9956,3000,3148.0,148.67,16.35,2,1,0,148.67,148.67,10,28,5,155,chandelier/adl,1,I/I/I,I/D/D,0.055,-0.16,1,1,1
2023-06-25,2023-07-23,1.3909,3000,3106.0,106.19,11.68,2,1,0,106.19,106.19,10,28,5,40,chandelier,0,I/I,I/D,0.035,-0.16,1,1,1
2023-06-25,2023-07-23,0.854,3000,3106.0,106.19,11.68,2,1,0,106.19,106.19,10,28,5,20,obv,1,I/I,IGNORE,0.035,-0.24,1,1,1
2023-06-25,2023-07-23,1.6431,3000,0,104.46,11.49,1,1,0,104.46,104.46,10,28,5,130,bollinger,0,I/I,D/I,0.02,-0.16,1,1,1
2023-06-25,2023-07-23,1.8055,3000,0,183.36,20.17,2,2,0,91.68,91.68,10,28,5,70,adx,1,I/I,D/D,0.015,-0.25,1,1,1
2023-06-25,2023-07-23,0.8694,3000,3110.0,110.82,12.19,2,1,0,110.82,110.82,10,28,5,65,elder/mfi,2,I/I/I,IGNORE,0.04,-0.25,1,1,1
2023-06-25,2023-07-23,1.5628,3000,3147.0,147.28,16.2,3,2,0,73.64,73.64,10,28,5,35,mfi,0,I/I,IGNORE,0.02,-0.15,1,1,1
2023-06-25,2023-07-23,1.9613,3000,0,167.43,18.42,3,3,0,55.81,72.21,10,28,5,110,mfi/rsi,0,I/I/I,D/I/I,0.01,-0.14,1,1,1
2023-06-25,2023-07-23,1.2125,3000,3090.0,90.55,9.96,2,1,0,90.55,90.55,10,28,5,85,mfi/aroon,1,I/I/I,I/I/D,0.025,-0.17,1,1,1
2023-06-25,2023-07-23,1.6159,3000,0,184.77,20.32,1,1,0,184.77,184.77,10,28,5,120,stochastic/elder/chop/pvo,2,I/I/I/D/I,IGNORE,0.05,-0.04,1,1,1
2023-06-25,2023-07-23,1.0773,3000,3090.0,90.55,9.96,2,1,0,90.55,90.55,10,28,5,170,bollinger/pvo/chandelier,0,I/I/I/I,I/D/D/D,0.03,-0.26,1,1,1
2023-06-25,2023-07-23,1.1925,3000,0,57.75,6.35,1,1,0,57.75,57.75,10,28,5,20,aroon,0,I/D,IGNORE,0.025,-0.14,1,1,1
2023-06-25,2023-07-23,1.0212,3000,3106.0,106.19,11.68,2,1,0,106.19,106.19,10,28,5,195,pivots,0,I/I,I/D,0.035,-0.11,1,1,1
2023-06-25,2023-07-23,1.1354,3000,0,14.22,1.56,1,1,0,14.22,14.22,10,28,5,30,elder,5,I/I,D/D,0.01,-0.25,1,1,1
2023-06-25,2023-07-23,0.9518,3000,3104.0,104.46,11.49,2,1,0,104.46,104.46,10,28,5,130,stochastic/elder,3,I/I/I,D/I/D,0.005,-0.28,1,1,1
2023-06-25,2023-07-23,1.1122,3000,3055.0,55.08,6.06,2,1,0,55.08,55.08,10,28,5,45,mfi,0,I/I,D/D,0.02,-0.15,1,1,1
2023-06-25,2023-07-23,1.4956,3000,0,148.67,16.35,1,1,0,148.67,148.67,10,28,5,90,pivots/bollinger/bop/pvo,5,I/I/I/I/I,IGNORE,0.055,-0.24,1,1,1
2023-06-25,2023-07-23,1.0834,3000,3090.0,90.55,9.96,2,1,0,90.55,90.55,10,28,5,130,mfi/chandelier/pivots,0,I/I/I/I,IGNORE,0.025,-0.11,1,1,1
2023-06-25,2023-07-23,1.351,3000,3147.0,147.28,16.2,3,2,0,73.64,73.64,10,28,5,120,chop/rsi/chandelier/bop,0,I/D/I/I/I,IGNORE,0.02,-0.05,1,1,1
2023-06-25,2023-07-23,1.5581,3000,0,167.43,18.42,3,3,0,55.81,72.21,10,28,5,180,mfi/adx/macd/adl,0,I/I/D/I/I,D/I/I/D/I,0.01,-0.09,1,1,1
2023-06-25,2023-07-23,1.6462,3000,0,106.99,11.77,1,1,0,106.99,106.99,10,28,5,10,stochastic/bop/aroon,1,D/D/D/I,D/I/D/I,0.035,-0.03,1,1,1
2023-06-25,2023-07-23,1.6354,3000,0,77.62,8.54,2,2,0,38.81,38.81,10,28,5,65,adl,1,I/I,D/I,0.025,-0.01,1,1,1
2023-06-25,2023-07-23,1.4304,3000,3184.0,184.77,20.32,2,1,0,184.77,184.77,10,28,5,50,pivots,0,I/I,D/I,0.05,-0.17,1,1,1
2023-06-25,2023-07-23,1.5811,3000,0,174.33,19.18,3,3,0,58.11,72.21,10,28,5,60,stochastic/obv,0,I/I/I,IGNORE,0.005,-0.29,1,1,1
2023-06-25,2023-07-23,1.6087,3000,3183.0,183.36,20.17,3,2,0,91.68,91.68,10,28,5,75,chandelier,0,I/I,D/I,0.015,-0.04,1,1,1
2023-06-25,2023-07-23,1.3584,3000,0,74.03,8.14,1,1,0,74.03,74.03,10,28,5,150,obv,0,I/D,I/I,0.07,-0.2,1,1,1
2023-06-25,2023-07-23,1.7584,3000,0,158.32,17.42,1,1,0,158.32,158.32,10,28,5,85,pvo,3,I/I,I/D,0.095,-0.11,1,1,1
2023-06-25,2023-07-23,1.3482,3000,0,104.46,11.49,1,1,0,104.46,104.46,10,28,5,190,bollinger/pvo,0,I/I/I,D/D/I,0.01,-0.13,1,1,1
2023-06-25,2023-07-23,1.7365,3000,3167.0,167.43,18.42,4,3,0,55.81,72.21,10,28,5,175,zigzag,0,I/I,IGNORE,0.01,-0.2,1,1,1
2023-06-25,2023-07-23,1.1865,3000,3079.0,79.53,8.75,2,1,0,79.53,79.53,10,28,5,30,elder,1,I/D,D/D,0.015,-0.3,1,1,1
2023-06-25,2023-07-23,1.5701,3000,0,90.55,9.96,1,1,0,90.55,90.55,10,28,5,15,macd,2,I/I,D/I,0.015,-0.2,1,1,1
2023-06-25,2023-07-23,1.5399,3000,0,148.67,16.35,1,1,0,148.67,148.67,10,28,5,95,chop/macd/bollinger/elder,2,I/D/I/I/I,I/I/I/D/D,0.055,-0.06,1,1,1
2023-06-25,2023-07-23,1.1812,3000,0,18.36,2.02,1,1,0,18.36,18.36,10,28,5,150,pvo,1,I/D,IGNORE,0.005,-0.3,1,1,1
2023-06-25,2023-07-23,1.9255,3000,0,109.92,12.09,1,1,0,109.92,109.92,10,28,5,25,pvo,1,I/I,D/I,0.02,-0.06,1,1,1
2023-06-25,2023-07-23,1.3045,3000,0,91.35,10.05,1,1,0,91.35,91.35,10,28,5,70,stochastic/pvo/elder,4,I/I/I/I,D/D/D/D,0.03,-0.28,1,1,1
2023-06-25,2023-07-23,1.7686,3000,0,123.72,13.61,2,2,0,61.86,61.86,10,28,5,50,elder,4,I/I,IGNORE,0.005,-0.04,1,1,1
2023-06-25,2023-07-23,1.2651,3000,0,79.53,8.75,1,1,0,79.53,79.53,10,28,5,165,bop,1,I/I,IGNORE,0.005,-0.1,1,1,1
2023-06-25,2023-07-23,1.4726,3000,0,71.32,7.85,1,1,0,71.32,71.32,10,28,5,45,adx/mfi/macd/bollinger,0,I/I/I/I/I,D/D/I/I/D,0.005,-0.26,1,1,1
2023-06-25,2023-07-23,1.3143,3000,0,58.32,6.42,1,1,0,58.32,58.32,10,28,5,10,bop/elder/zigzag,1,D/I/D/I,I/D/D/I,0.025,-0.24,1,1,1
2023-06-25,2023-07-23,1.4956,3000,0,148.67,16.35,1,1,0,148.67,148.67,10,28,5,175,aroon,3,I/I,D/I,0.055,-0.22,1,1,1
2023-06-25,2023-07-23,1.3566,3000,0,106.99,11.77,1,1,0,106.99,106.99,10,28,5,90,adl/bollinger,3,I/I/I,D/D/D,0.035,-0.04,1,1,1
2023-06-25,2023-07-23,0.9222,3000,3090.0,90.55,9.96,2,1,0,90.55,90.55,10,28,5,135,bollinger/stochastic/adl/pivots,1,I/I/I/I/I,I/I/I/D/D,0.03,-0.03,1,1,1
2023-06-25,2023-07-23,1.6695,3000,0,167.43,18.42,3,3,0,55.81,72.21,10,28,5,100,zigzag/macd,1,I/I/I,IGNORE,0.01,-0.19,1,1,1
2023-06-25,2023-07-23,1.147,3000,3090.0,90.55,9.96,2,1,0,90.55,90.55,10,28,5,90,aroon/chop,1,I/I/D,IGNORE,0.025,-0.26,1,1,1
2023-06-25,2023-07-23,1.7119,3000,0,184.77,20.32,1,1,0,184.77,184.77,10,28,5,155,chop/aroon/adx/bollinger,0,I/D/I/D/I,D/D/D/I/D,0.045,-0.01,1,1,1
2023-06-25,2023-07-23,1.3744,3000,0,74.66,8.21,1,1,0,74.66,74.66,10,28,5,35,aroon/pvo,3,I/I/I,IGNORE,0.03,-0.17,1,1,1
2023-06-25,2023-07-23,0.8458,3000,3037.0,37.71,4.15,2,1,0,37.71,37.71,10,28,5,15,bop,1,I/D,D/D,0.04,-0.07,1,1,1
2023-06-25,2023-07-23,1.6803,3000,0,72.39,7.96,3,3,0,24.13,20.15,10,28,5,185,pvo,2,I/I,D/I,0.005,-0.3,1,1,1
2023-06-25,2023-07-23,1.1308,3000,0,9.4,1.03,1,1,0,9.4,9.4,10,28,5,75,rsi/macd,0,I/I/I,I/I/D,0.025,-0.18,1,1,1
2023-06-25,2023-07-23,1.5254,3000,0,132.25,14.55,2,2,0,66.13,66.13,10,28,5,90,macd,3,I/I,IGNORE,0.015,-0.1,1,1,1
2023-06-25,2023-07-23,1.1257,3000,0,37.71,4.15,1,1,0,37.71,37.71,10,28,5,105,mfi/adl/macd/pvo,1,I/I/I/I/I,IGNORE,0.015,-0.23,1,1,1
2023-06-25,2023-07-23,1.0981,3000,3086.0,86.78,9.55,3,2,0,43.39,43.39,10,28,5,140,bollinger,1,I/I,IGNORE,0.01,-0.28,1,1,1
2023-06-25,2023-07-23,1.3018,3000,0,90.55,9.96,1,1,0,90.55,90.55,10,28,5,165,pivots/adx/macd,0,I/I/D/I,IGNORE,0.015,-0.24,1,1,1
2023-06-25,2023-07-23,1.3935,3000,3147.0,147.28,16.2,3,2,0,73.64,73.64,10,28,5,190,mfi,0,I/I,D/I,0.02,-0.28,1,1,1
2023-06-25,2023-07-23,1.3477,3000,0,75.89,8.35,1,1,0,75.89,75.89,10,28,5,75,mfi/pvo/macd,1,I/I/D/I,D/I/D/I,0.01,-0.05,1,1,1
2023-06-25,2023-07-23,1.3081,3000,3167.0,167.43,18.42,4,3,0,55.81,72.21,10,28,5,180,adl/rsi/elder,2,I/I/I/I,I/I/D/I,0.01,-0.08,1,1,1
2023-06-25,2023-07-23,0.854,3000,3106.0,106.19,11.68,2,1,0,106.19,106.19,10,28,5,40,chop,1,I/D,D/I,0.035,-0.28,1,1,1
2023-06-25,2023-07-23,1.1187,3000,3185.0,185.6,20.42,2,1,0,185.6,185.6,10,28,5,90,bollinger/macd/obv/adx/rsi,1,I/I/I/I/I/I,I/I/I/D/D/I,0.045,-0.11,1,1,1
2023-06-25,2023-07-23,0.9281,3000,3091.0,91.35,10.05,2,1,0,91.35,91.35,10,28,5,185,zigzag/bop/elder/aroon,3,I/I/I/I/I,D/I/D/I/D,0.03,-0.08,1,1,1
2023-06-25,2023-07-23,1.3034,3000,0,91.01,10.01,2,2,0,45.5,45.5,10,28,5,55,pvo/macd/mfi/aroon/bop,5,I/I/I/I/I/I,D/D/D/D/I/D,0.01,-0.19,1,1,1
2023-06-25,2023-07-23,1.4429,3000,0,90.55,9.96,1,1,0,90.55,90.55,10,28,5,50,bollinger,2,I/I,D/I,0.015,-0.14,1,1,1
2023-06-25,2023-07-23,1.6906,3000,0,183.36,20.17,2,2,0,91.68,91.68,10,28,5,30,stochastic/chandelier/adl/pivots,0,I/I/I/I/I,IGNORE,0.015,-0.21,1,1,1
2023-06-25,2023-07-23,1.1817,3000,3015.0,15.18,1.67,2,1,0,15.18,15.18,10,28,5,5,adx,0,I/D,I/I,0.08,-0.08,1,1,1
2023-06-25,2023-07-23,1.3414,3000,0,72.21,7.94,1,1,0,72.21,72.21,10,28,5,95,obv/aroon/pvo/elder,2,I/D/I/I/I,IGNORE,0.005,-0.12,1,1,1
2023-06-25,2023-07-23,1.628,3000,0,74.66,8.21,1,1,0,74.66,74.66,10,28,5,20,mfi/bop,1,I/I/I,D/I/D,0.03,-0.1,1,1,1
2023-06-25,2023-07-23,0.7651,3000,3079.0,79.53,8.75,2,1,0,79.53,79.53,10,28,5,45,rsi/aroon,0,I/I/D,I/D/I,0.01,-0.22,1,1,1
2023-06-25,2023-07-23,1.354,3000,0,106.19,11.68,1,1,0,106.19,106.19,10,28,5,175,stochastic/bop,0,I/I/I,I/I/D,0.06,-0.19,1,1,1
2023-06-25,2023-07-23,1.1824,3000,0,19.68,2.16,1,1,0,19.68,19.68,10,28,5,85,bollinger,2,I/I,IGNORE,0.005,-0.27,1,1,1
2023-06-25,2023-07-23,1.354,3000,0,106.19,11.68,1,1,0,106.19,106.19,10,28,5,15,adx,1,I/I,D/D,0.035,-0.29,1,1,1
2023-06-25,2023-07-23,1.8061,3000,0,167.43,18.42,3,3,0,55.81,72.21,10,28,5,85,aroon,2,I/I,I/D,0.01,-0.26,1,1,1
2023-06-25,2023-07-23,1.2407,3000,0,72.21,7.94,1,1,0,72.21,72.21,10,28,5,95,pvo,4,I/I,IGNORE,0.01,-0.22,1,1,1
2023-06-25,2023-07-23,0.9436,3000,3106.0,106.19,11.68,2,1,0,106.19,106.19,10,28,5,80,adl,1,I/I,D/D,0.035,-0.2,1,1,1
2023-06-25,2023-07-23,1.3115,3000,0,56.41,6.21,1,1,0,56.41,56.41,10,28,5,75,bollinger,1,I/I,IGNORE,0.02,-0.26,1,1,1
2023-06-25,2023-07-23,1.2331,3000,0,36.5,4.02,1,1,0,36.5,36.5,10,28,5,95,bollinger/chop,2,I/I/D,I/D/I,0.015,-0.07,1,1,1
2023-06-25,2023-07-23,1.5977,3000,0,36.5,4.02,1,1,0,36.5,36.5,10,28,5,15,macd/chop/elder,1,D/D/I/D,D/I/I/I,0.015,-0.08,1,1,1
2023-06-25,2023-07-23,1.2671,3000,0,48.79,5.37,1,1,0,48.79,48.79,10,28,5,175,bollinger/aroon,3,I/I/I,D/D/D,0.005,-0.05,1,1,1
2023-06-25,2023-07-23,1.4063,3000,3106.0,106.19,11.68,2,1,0,106.19,106.19,10,28,5,65,zigzag,0,I/I,D/D,0.035,-0.24,1,1,1
2023-06-25,2023-07-23,1.354,3000,0,67.91,7.47,1,1,0,67.91,67.91,10,28,5,50,chandelier/chop/macd/obv,1,I/I/D/D/I,I/D/D/I/I,0.025,-0.19,1,1,1
2023-07-01,2023-07-29,1.2737,3000,0,50.3,5.53,2,2,0,25.15,25.15,10,28,5,135,aroon,3,I/I,D/I,0.01,-0.18,1,1,1
2023-07-01,2023-07-29,1.9356,3000,0,105.4,11.59,1,1,0,105.4,105.4,10,28,5,10,aroon/obv/bollinger/rsi,0,D/D/D/D/D,D/I/D/I/D,0.03,-0.3,1,1,1
2023-07-01,2023-07-29,1.2797,3000,0,50.3,5.53,1,1,0,50.3,50.3,10,28,5,40,elder/bop/pvo,3,I/I/I/D,D/I/D/I,0.005,-0.08,1,1,1
2023-07-01,2023-07-29,1.4565,3000,3071.0,71.32,7.85,2,1,0,71.32,71.32,10,28,5,10,stochastic,1,I/I,D/I,0.01,-0.24,1,1,1
2023-07-01,2023-07-29,1.5239,3000,0,131.16,14.43,1,1,0,131.16,131.16,10,28,5,195,bop/macd,3,I/I/D,D/I/D,0.02,-0.25,1,1,1
2023-07-01,2023-07-29,1.0511,3000,3103.0,103.09,11.34,2,1,0,103.09,103.09,10,28,5,45,elder/adx,1,I/I/I,D/D/D,0.02,-0.2,1,1,1
2023-07-01,2023-07-29,1.2137,3000,3118.0,118.8,13.07,3,2,0,59.4,59.4,10,28,5,140,obv,0,I/I,IGNORE,0.01,-0.11,1,1,1
2023-07-01,2023-07-29,1.9355,3000,0,132.25,14.55,2,2,0,66.12,66.12,10,28,5,130,obv/pivots,0,I/I/I,IGNORE,0.015,-0.29,1,1,1
2023-07-01,2023-07-29,1.2782,3000,0,83.45,9.18,1,1,0,83.45,83.45,10,28,5,180,elder/macd/mfi/aroon/adx,0,I/I/I/I/I/I,IGNORE,0.025,-0.15,1,1,1
2023-07-01,2023-07-29,1.5974,3000,0,97.33,10.71,1,1,0,97.33,97.33,10,28,5,10,stochastic/bop,1,D/I/I,I/I/I,0.035,-0.01,1,1,1
2023-07-01,2023-07-29,0.7561,3000,3076.0,76.82,8.45,2,1,0,76.82,76.82,10,28,5,115,stochastic/adl/chandelier,1,I/I/I/I,D/I/D/I,0.02,-0.26,1,1,1
2023-07-01,2023-07-29,1.2561,3000,0,76.82,8.45,1,1,0,76.82,76.82,10,28,5,185,elder,4,I/I,I/D,0.02,-0.15,1,1,1
2023-07-01,2023-07-29,1.2699,3000,0,10.57,1.16,1,1,0,10.57,10.57,10,28,5,50,adl/bop,0,I/I/I,I/D/D,0.005,-0.05,1,1,1
2023-07-01,2023-07-29,1.3409,3000,0,84.67,9.31,2,2,0,42.34,42.34,10,28,5,25,stochastic,0,I/D,D/D,0.005,-0.16,1,1,1
2023-07-01,2023-07-29,0.7264,3000,3067.0,67.91,7.47,2,1,0,67.91,67.91,10,28,5,200,pvo/adx,1,I/D/D,IGNORE,0.025,-0.06,1,1,1
2023-07-01,2023-07-29,1.3094,3000,0,92.81,10.21,1,1,0,92.81,92.81,10,28,5,50,pvo,5,I/D,IGNORE,0.015,-0.25,1,1,1
2023-07-01,2023-07-29,1.2264,3000,0,67.91,7.47,1,1,0,67.91,67.91,10,28,5,10,obv/stochastic/elder,1,I/I/I/D,IGNORE,0.025,-0.23,1,1,1
2023-07-01,2023-07-29,1.3468,3000,0,104.03,11.44,1,1,0,104.03,104.03,10,28,5,10,macd/pvo/bop,2,I/D/I/D,IGNORE,0.03,-0.18,1,1,1
2023-07-01,2023-07-29,1.5692,3000,0,93.39,10.27,1,1,0,93.39,93.39,10,28,5,50,aroon/pvo/zigzag,1,I/I/D/I,D/D/I/I,0.02,-0.14,1,1,1
2023-07-01,2023-07-29,1.2539,3000,3076.0,76.82,8.45,2,1,0,76.82,76.82,10,28,5,90,chandelier,0,I/I,IGNORE,0.02,-0.3,1,1,1
2023-07-01,2023-07-29,1.6238,3000,0,74.03,8.14,1,1,0,74.03,74.03,10,28,5,5,adx/bop,0,D/D/D,I/D/D,0.02,-0.25,1,1,1
2023-07-01,2023-07-29,1.4505,3000,0,135.15,14.87,1,1,0,135.15,135.15,10,28,5,10,pvo/bollinger/adx/mfi,0,I/I/D/I/D,I/D/I/D/D,0.045,-0.02,1,1,1
2023-07-01,2023-07-29,2.1935,3000,0,21.12,2.32,1,1,0,21.12,21.12,10,28,5,5,pivots,0,I/I,D/D,0.01,-0.29,1,1,1
2023-07-01,2023-07-29,1.2561,3000,0,76.82,8.45,1,1,0,76.82,76.82,10,28,5,35,chop,1,I/D,D/D,0.02,-0.06,1,1,1
2023-07-01,2023-07-29,1.4582,3000,0,58.32,6.42,1,1,0,58.32,58.32,10,28,5,25,zigzag,0,I/D,D/I,0.025,-0.26,1,1,1
2023-07-01,2023-07-29,1.2555,3000,0,41.02,4.51,1,1,0,41.02,41.02,10,28,5,180,aroon,3,I/I,I/D,0.015,-0.26,1,1,1
2023-07-01,2023-07-29,0.9007,3000,3041.0,41.02,4.51,2,1,0,41.02,41.02,10,28,5,145,adx,0,I/I,I/D,0.015,-0.05,1,1,1
2023-07-01,2023-07-29,0.766,3000,3079.0,79.8,8.78,2,1,0,79.8,79.8,10,28,5,120,adl,1,I/I,IGNORE,0.025,-0.05,1,1,1
2023-07-01,2023-07-29,0.6847,3000,3057.0,57.75,6.35,2,1,0,57.75,57.75,10,28,5,160,pvo,2,I/D,D/D,0.025,-0.1,1,1,1
2023-07-01,2023-07-29,1.3918,3000,0,79.53,8.75,1,1,0,79.53,79.53,10,28,5,55,bop,4,I/I,D/D,0.01,-0.04,1,1,1
2023-07-01,2023-07-29,1.7966,3000,0,44.62,4.91,1,1,0,44.62,44.62,10,28,5,10,bollinger,0,D/D,I/I,0.085,-0.19,1,1,1
2023-07-01,2023-07-29,1.26,3000,3131.0,131.16,14.43,2,1,0,131.16,131.16,10,28,5,10,pvo,0,I/I,IGNORE,0.025,-0.14,1,1,1
2023-07-01,2023-07-29,1.8559,3000,0,115.11,12.66,2,2,0,57.56,57.56,10,28,5,50,pivots/mfi,0,I/I/I,IGNORE,0.01,-0.02,1,1,1
2023-07-01,2023-07-29,1.266,3000,0,79.8,8.78,1,1,0,79.8,79.8,10,28,5,185,obv,2,I/D,IGNORE,0.025,-0.11,1,1,1
2023-07-01,2023-07-29,0.8225,3000,3096.0,96.75,10.64,2,1,0,96.75,96.75,10,28,5,20,mfi/aroon,0,I/D/D,D/D/I,0.03,-0.05,1,1,1
2023-07-01,2023-07-29,1.1367,3000,0,41.02,4.51,1,1,0,41.02,41.02,10,28,5,15,mfi/adl/elder/obv,0,I/D/D/D/I,D/D/I/D/D,0.015,-0.14,1,1,1
2023-07-01,2023-07-29,1.6582,3000,0,75.23,8.28,1,1,0,75.23,75.23,10,28,5,120,obv,0,I/I,D/D,0.025,-0.14,1,1,1
2023-07-01,2023-07-29,1.4641,3000,0,96.75,10.64,1,1,0,96.75,96.75,10,28,5,60,chandelier/elder/pvo/obv,2,I/I/I/D/I,I/D/I/I/D,0.035,-0.14,1,1,1
2023-07-01,2023-07-29,1.3059,3000,0,47.81,5.26,1,1,0,47.81,47.81,10,28,5,20,stochastic,0,D/I,I/I,0.04,-0.26,1,1,1
2023-07-01,2023-07-29,1.0095,3000,3131.0,131.16,14.43,2,1,0,131.16,131.16,10,28,5,110,pvo/stochastic/obv/zigzag/chandelier,0,I/D/I/I/I/I,D/I/D/I/D/I,0.025,-0.2,1,1,1
2023-07-01,2023-07-29,1.184,3000,0,55.19,6.07,2,2,0,27.59,27.59,10,28,5,10,macd,0,I/D,I/I,0.01,-0.21,1,1,1
2023-07-01,2023-07-29,1.266,3000,0,79.8,8.78,1,1,0,79.8,79.8,10,28,5,185,obv,2,I/D,I/I,0.025,-0.16,1,1,1
2023-07-01,2023-07-29,1.4624,3000,0,97.33,10.71,1,1,0,97.33,97.33,10,28,5,55,elder/pvo,4,I/I/D,D/I/D,0.035,-0.24,1,1,1
2023-07-01,2023-07-29,1.5111,3000,0,79.8,8.78,1,1,0,79.8,79.8,10,28,5,200,elder,2,I/I,I/D,0.025,-0.06,1,1,1
2023-07-01,2023-07-29,1.1276,3000,0,38.27,4.21,1,1,0,38.27,38.27,10,28,5,140,macd,5,I/I,D/I,0.01,-0.21,1,1,1
2023-07-01,2023-07-29,0.9628,3000,3104.0,104.46,11.49,2,1,0,104.46,104.46,10,28,5,185,pvo,3,I/D,I/I,0.02,-0.1,1,1,1
2023-07-01,2023-07-29,1.266,3000,0,79.8,8.78,1,1,0,79.8,79.8,10,28,5,90,bollinger/aroon/adl,2,I/I/I/I,D/D/I/I,0.025,-0.2,1,1,1
2023-07-01,2023-07-29,1.8626,3000,0,38.27,4.21,1,1,0,38.27,38.27,10,28,5,10,stochastic/pvo,1,I/I/I,IGNORE,0.015,-0.26,1,1,1
2023-07-01,2023-07-29,0.8783,3000,3076.0,76.82,8.45,2,1,0,76.82,76.82,10,28,5,90,mfi/adx,1,I/I/I,IGNORE,0.02,-0.2,1,1,1
2023-07-01,2023-07-29,1.3244,3000,0,97.33,10.71,1,1,0,97.33,97.33,10,28,5,75,macd,0,I/D,IGNORE,0.035,-0.06,1,1,1
2023-07-01,2023-07-29,1.8974,3000,0,93.39,10.27,1,1,0,93.39,93.39,10,28,5,5,adl/stochastic/zigzag,0,D/I/D/I,IGNORE,0.005,-0.13,1,1,1
2023-07-01,2023-07-29,1.23,3000,0,68.99,7.59,1,1,0,68.99,68.99,10,28,5,20,rsi/obv/bollinger/aroon,1,I/D/I/D/D,I/I/I/I/D,0.09,-0.24,1,1,1
2023-07-01,2023-07-29,1.549,3000,3115.0,115.11,12.66,3,2,0,57.56,57.56,10,28,5,175,mfi,0,I/I,IGNORE,0.01,-0.14,1,1,1
2023-07-01,2023-07-29,1.1367,3000,0,41.02,4.51,1,1,0,41.02,41.02,10,28,5,155,adl/obv,1,I/I/D,I/I/I,0.075,-0.3,1,1,1
2023-07-01,2023-07-29,1.8439,3000,0,115.11,12.66,2,2,0,57.56,57.56,10,28,5,120,pivots/mfi,0,I/I/I,I/I/D,0.01,-0.24,1,1,1
2023-07-01,2023-07-29,1.3244,3000,0,97.33,10.71,1,1,0,97.33,97.33,10,28,5,200,bop/pvo/obv,1,I/I/I/D,IGNORE,0.03,-0.07,1,1,1
2023-07-01,2023-07-29,1.2459,3000,0,73.77,8.11,1,1,0,73.77,73.77,10,28,5,170,elder,5,I/I,D/I,0.02,-0.08,1,1,1
2023-07-01,2023-07-29,1.4385,3000,0,93.04,10.23,1,1,0,93.04,93.04,10,28,5,40,aroon,1,I/I,IGNORE,0.03,-0.12,1,1,1
2023-07-01,2023-07-29,1.5378,3000,3115.0,115.11,12.66,3,2,0,57.56,57.56,10,28,5,30,aroon,1,I/D,IGNORE,0.01,-0.14,1,1,1
2023-07-01,2023-07-29,1.4791,3000,0,105.4,11.59,1,1,0,105.4,105.4,10,28,5,80,macd,0,I/D,IGNORE,0.03,-0.21,1,1,1
2023-07-02,2023-07-30,1.5458,3000,3115.0,115.11,12.66,3,2,0,57.56,57.56,10,28,5,140,adx,0,I/I,IGNORE,0.01,-0.17,1,1,1
2023-07-02,2023-07-30,1.0149,3000,0,4.47,0.49,1,1,0,4.47,4.47,10,28,5,10,obv/elder/macd,1,I/I/D/D,D/D/D/I,0.005,-0.2,1,1,1
2023-07-02,2023-07-30,1.1989,3000,0,59.66,6.56,1,1,0,59.66,59.66,10,28,5,15,bop/elder,0,I/I/D,I/D/I,0.02,-0.19,1,1,1
2023-07-02,2023-07-30,1.2651,3000,0,79.53,8.75,1,1,0,79.53,79.53,10,28,5,200,pivots/pvo,0,I/I/D,IGNORE,0.01,-0.14,1,1,1
2023-07-02,2023-07-30,1.2616,3000,0,41.02,4.51,1,1,0,41.02,41.02,10,28,5,35,bollinger,0,I/I,IGNORE,0.015,-0.27,1,1,1
2023-07-02,2023-07-30,1.2517,3000,0,36.5,4.02,1,1,0,36.5,36.5,10,28,5,30,adx,2,I/I,IGNORE,0.015,-0.16,1,1,1
2023-07-02,2023-07-30,0.9059,3000,3121.0,121.77,13.4,2,1,0,121.77,121.77,10,28,5,50,rsi/elder,0,I/I/I,D/I/D,0.04,-0.21,1,1,1
2023-07-02,2023-07-30,1.3568,3000,0,107.04,11.77,1,1,0,107.04,107.04,10,28,5,180,pvo/rsi/adl,0,I/D/I/I,IGNORE,0.035,-0.01,1,1,1
2023-07-02,2023-07-30,1.6203,3000,0,93.39,10.27,1,1,0,93.39,93.39,10,28,5,50,aroon,1,I/I,IGNORE,0.015,-0.2,1,1,1
2023-07-02,2023-07-30,0.9372,3000,3131.0,131.16,14.43,2,1,0,131.16,131.16,10,28,5,10,adl/aroon/zigzag/macd,0,I/I/D/I/D,IGNORE,0.03,-0.3,1,1,1
2023-07-02,2023-07-30,0.9408,3000,3093.0,93.39,10.27,2,1,0,93.39,93.39,10,28,5,30,rsi,0,I/D,D/D,0.02,-0.25,1,1,1
2023-07-02,2023-07-30,1.0905,3000,0,27.14,2.99,1,1,0,27.14,27.14,10,28,5,30,macd/obv/stochastic,1,I/D/I/I,I/D/I/D,0.025,-0.24,1,1,1
2023-07-02,2023-07-30,1.0149,3000,0,4.47,0.49,1,1,0,4.47,4.47,10,28,5,10,chop/adx/stochastic/chandelier,0,I/I/D/D/I,I/D/D/I/I,0.005,-0.16,1,1,1
2023-07-02,2023-07-30,1.1859,3000,0,55.76,6.13,1,1,0,55.76,55.76,10,28,5,20,pivots/aroon/stochastic/macd,0,I/D/D/I/D,I/D/I/I/D,0.005,-0.19,1,1,1
2023-07-02,2023-07-30,0.8482,3000,3104.0,104.46,11.49,2,1,0,104.46,104.46,10,28,5,200,macd,1,I/D,I/I,0.02,-0.05,1,1,1
2023-07-02,2023-07-30,1.2508,3000,0,75.23,8.28,1,1,0,75.23,75.23,10,28,5,95,bollinger,4,I/I,D/D,0.025,-0.06,1,1,1
2023-07-02,2023-07-30,1.1411,3000,3142.0,142.33,15.66,3,2,0,71.17,71.17,10,28,5,15,elder/stochastic/bop,1,I/D/I/D,D/D/D/D,0.015,-0.29,1,1,1
2023-07-02,2023-07-30,1.5437,3000,0,4.47,0.49,1,1,0,4.47,4.47,10,28,5,5,bop,0,I/I,IGNORE,0.005,-0.22,1,1,1
2023-07-02,2023-07-30,0.766,3000,3079.0,79.8,8.78,2,1,0,79.8,79.8,10,28,5,85,bop/adx/zigzag,1,I/I/I/I,I/D/D/D,0.025,-0.29,1,1,1
2023-07-02,2023-07-30,1.4672,3000,0,79.53,8.75,1,1,0,79.53,79.53,10,28,5,35,bop/chandelier/elder/obv/stochastic,0,I/D/I/I/I/I,I/I/I/I/I/I,0.01,-0.17,1,1,1
2023-07-02,2023-07-30,1.4982,3000,0,76.82,8.45,1,1,0,76.82,76.82,10,28,5,115,adl/zigzag,0,I/I/I,I/I/D,0.02,-0.22,1,1,1
2023-07-02,2023-07-30,0.8094,3000,3092.0,92.81,10.21,2,1,0,92.81,92.81,10,28,5,45,pvo,3,I/D,IGNORE,0.02,-0.11,1,1,1
2023-07-02,2023-07-30,1.1925,3000,0,57.75,6.35,1,1,0,57.75,57.75,10,28,5,115,macd,3,I/I,IGNORE,0.025,-0.13,1,1,1
2023-07-02,2023-07-30,1.2603,3000,0,93.04,10.23,1,1,0,93.04,93.04,10,28,5,180,macd,0,I/I,D/I,0.03,-0.09,1,1,1
2023-07-02,2023-07-30,1.3172,3000,3093.0,93.04,10.23,2,1,0,93.04,93.04,10,28,5,155,zigzag,0,I/I,IGNORE,0.03,-0.27,1,1,1
2023-07-02,2023-07-30,1.8305,3000,0,79.8,8.78,1,1,0,79.8,79.8,10,28,5,50,pivots,0,I/I,D/D,0.025,-0.05,1,1,1
2023-07-02,2023-07-30,1.2105,3000,0,23.51,2.59,1,1,0,23.51,23.51,10,28,5,60,stochastic,0,I/D,I/I,0.095,-0.07,1,1,1
2023-07-02,2023-07-30,1.0562,3000,3095.0,95.67,10.52,2,1,0,95.67,95.67,10,28,5,110,pvo,3,I/D,I/I,0.035,-0.19,1,1,1
2023-07-02,2023-07-30,1.4307,3000,0,105.4,11.59,1,1,0,105.4,105.4,10,28,5,160,obv,0,I/D,IGNORE,0.03,-0.25,1,1,1
2023-07-02,2023-07-30,1.358,3000,3182.0,182.41,20.06,4,3,0,60.8,40.07,10,28,5,160,adl/macd,2,I/I/I,IGNORE,0.01,-0.27,1,1,1
2023-07-02,2023-07-30,1.1367,3000,0,41.02,4.51,1,1,0,41.02,41.02,10,28,5,75,pivots/adl/bollinger,1,I/I/I/I,D/D/I/I,0.015,-0.02,1,1,1
2023-07-02,2023-07-30,1.4768,3000,0,72.25,7.95,1,1,0,72.25,72.25,10,28,5,125,pvo,1,I/D,D/D,0.02,-0.04,1,1,1
2023-07-02,2023-07-30,1.3225,3000,0,96.75,10.64,1,1,0,96.75,96.75,10,28,5,110,pvo/rsi,0,I/I/I,D/I/D,0.03,-0.03,1,1,1
2023-07-02,2023-07-30,1.4408,3000,0,132.25,14.55,2,2,0,66.12,66.12,10,28,5,50,bop,4,I/I,D/D,0.015,-0.24,1,1,1
2023-07-02,2023-07-30,1.1367,3000,0,41.02,4.51,1,1,0,41.02,41.02,10,28,5,20,stochastic/adx,1,I/D/I,I/I/D,0.065,-0.17,1,1,1
2023-07-02,2023-07-30,1.222,3000,0,4.47,0.49,1,1,0,4.47,4.47,10,28,5,80,adx/elder,2,I/I/I,D/I/D,0.005,-0.17,1,1,1
2023-07-02,2023-07-30,0.9513,3000,3092.0,92.81,10.21,2,1,0,92.81,92.81,10,28,5,45,pvo,3,I/D,I/I,0.01,-0.14,1,1,1
2023-07-02,2023-07-30,1.1468,3000,3144.0,144.05,15.85,3,2,0,72.02,72.02,10,28,5,50,elder/zigzag/chandelier/macd/pvo,0,I/I/I/I/D/D,I/D/D/D/I/I,0.01,-0.18,1,1,1
2023-07-02,2023-07-30,1.332,3000,0,45.81,5.04,1,1,0,45.81,45.81,10,28,5,15,bollinger,0,D/D,I/I,0.07,-0.1,1,1,1
2023-07-02,2023-07-30,1.3436,3000,0,103.09,11.34,1,1,0,103.09,103.09,10,28,5,75,chandelier/macd,0,I/I/I,I/D/I,0.015,-0.29,1,1,1
2023-07-02,2023-07-30,1.5597,3000,0,132.85,14.61,2,2,0,66.42,66.42,10,28,5,25,elder/obv/zigzag,1,I/D/I/D,D/D/I/D,0.015,-0.11,1,1,1
2023-07-02,2023-07-30,1.3189,3000,0,95.67,10.52,1,1,0,95.67,95.67,10,28,5,55,aroon/adx,5,I/I/I,D/I/I,0.035,-0.26,1,1,1
2023-07-02,2023-07-30,1.2508,3000,0,75.23,8.28,1,1,0,75.23,75.23,10,28,5,60,bop/rsi,1,I/I/I,I/D/I,0.025,-0.18,1,1,1
2023-07-02,2023-07-30,1.4759,3000,0,52.67,5.79,1,1,0,52.67,52.67,10,28,5,35,pvo,1,I/D,D/D,0.015,-0.29,1,1,1
2023-07-02,2023-07-30,1.3482,3000,0,104.46,11.49,1,1,0,104.46,104.46,10,28,5,165,macd,5,I/I,I/D,0.015,-0.1,1,1,1
2023-07-02,2023-07-30,1.5194,3000,0,75.89,8.35,1,1,0,75.89,75.89,10,28,5,155,stochastic/adx,0,I/I/I,IGNORE,0.01,-0.18,1,1,1
2023-07-02,2023-07-30,1.1546,3000,0,14.22,1.56,1,1,0,14.22,14.22,10,28,5,10,adl/mfi/pivots,0,I/I/I/D,I/I/I/I,0.035,-0.06,1,1,1
2023-07-02,2023-07-30,1.5779,3000,0,79.8,8.78,1,1,0,79.8,79.8,10,28,5,5,bop,0,I/I,IGNORE,0.025,-0.23,1,1,1
2023-07-02,2023-07-30,1.2782,3000,0,83.45,9.18,1,1,0,83.45,83.45,10,28,5,125,aroon/rsi/stochastic/chop/macd,1,I/I/I/I/D/I,I/D/I/I/I/D,0.03,-0.3,1,1,1
2023-07-02,2023-07-30,1.3846,3000,0,76.75,8.44,1,1,0,76.75,76.75,10,28,5,55,bollinger/elder,4,I/I/I,IGNORE,0.025,-0.26,1,1,1
2023-07-02,2023-07-30,1.266,3000,0,79.8,8.78,1,1,0,79.8,79.8,10,28,5,145,bop/obv/rsi,1,I/I/D/I,I/I/I/D,0.025,-0.04,1,1,1
2023-07-02,2023-07-30,1.4927,3000,0,46.46,5.11,1,1,0,46.46,46.46,10,28,5,55,bollinger,0,I/I,I/D,0.015,-0.3,1,1,1
2023-07-02,2023-07-30,1.2558,3000,0,76.75,8.44,1,1,0,76.75,76.75,10,28,5,175,zigzag/elder/aroon/bollinger,4,I/I/I/I/I,I/D/D/I/D,0.025,-0.05,1,1,1
2023-07-02,2023-07-30,1.6906,3000,0,108.41,11.93,1,1,0,108.41,108.41,10,28,5,5,stochastic/adx/chandelier/chop,0,D/D/D/I/D,I/D/D/I/D,0.09,-0.02,1,1,1
2023-07-02,2023-07-30,1.3101,3000,0,93.04,10.23,1,1,0,93.04,93.04,10,28,5,30,chop,1,I/D,IGNORE,0.03,-0.28,1,1,1
2023-07-02,2023-07-30,1.1213,3000,0,36.38,4.0,1,1,0,36.38,36.38,10,28,5,20,zigzag/mfi/rsi,0,I/D/D/D,I/I/D/D,0.025,-0.04,1,1,1
2023-07-02,2023-07-30,1.224,3000,0,75.89,8.35,1,1,0,75.89,75.89,10,28,5,135,obv,1,I/D,D/D,0.01,-0.29,1,1,1
2023-07-02,2023-07-30,0.7264,3000,3067.0,67.91,7.47,2,1,0,67.91,67.91,10,28,5,90,elder,4,I/I,D/D,0.025,-0.28,1,1,1
2023-07-02,2023-07-30,0.9787,3000,3079.0,79.8,8.78,2,1,0,79.8,79.8,10,28,5,35,adl,0,I/I,D/D,0.025,-0.04,1,1,1
2023-07-02,2023-07-30,1.78,3000,0,115.11,12.66,2,2,0,57.56,57.56,10,28,5,50,pivots,0,I/I,D/I,0.01,-0.13,1,1,1
2023-07-02,2023-07-30,1.3101,3000,0,93.04,10.23,1,1,0,93.04,93.04,10,28,5,130,bop,2,I/I,IGNORE,0.03,-0.02,1,1,1
2023-07-02,2023-07-30,1.662,3000,0,75.89,8.35,1,1,0,75.89,75.89,10,28,5,15,adx,0,I/I,IGNORE,0.01,-0.14,1,1,1
2023-07-02,2023-07-30,1.5124,3000,0,19.76,2.17,1,1,0,19.76,19.76,10,28,5,180,pvo,2,I/I,I/D,0.035,-0.28,1,1,1
2023-07-02,2023-07-30,1.1221,3000,0,36.63,4.03,1,1,0,36.63,36.63,10,28,5,90,adl/macd,4,I/I/I,D/I/D,0.01,-0.22,1,1,1
2023-07-08,2023-08-05,1.8725,3000,0,261.75,28.79,1,1,0,261.75,261.75,10,28,5,65,pvo,2,I/D,IGNORE,0.065,-0.05,1,1,1
2023-07-08,2023-08-05,1.979,3000,3247.0,247.75,27.25,3,2,0,123.87,123.87,10,28,5,130,chop,0,I/D,D/I,0.035,-0.03,1,1,1
2023-07-08,2023-08-05,1.3513,3000,0,105.4,11.59,1,1,0,105.4,105.4,10,28,5,25,chop/zigzag/rsi/macd,1,I/I/D/D/D,I/I/D/D/I,0.03,-0.09,1,1,1
2023-07-08,2023-08-05,1.8258,3000,0,247.75,27.25,1,1,0,247.75,247.75,10,28,5,10,zigzag/bollinger/pivots/stochastic,0,D/I/D/D/I,IGNORE,0.05,-0.3,1,1,1
2023-07-08,2023-08-05,1.8725,3000,0,261.75,28.79,1,1,0,261.75,261.75,10,28,5,40,rsi/adl/bollinger/macd,0,I/I/I/D/D,D/D/D/I/I,0.055,-0.2,1,1,1
2023-07-08,2023-08-05,1.644,3000,3186.0,186.09,20.47,3,2,0,93.05,93.05,10,28,5,145,chandelier/zigzag,0,I/I/I,D/I/D,0.02,-0.24,1,1,1
2023-07-08,2023-08-05,1.3974,3000,0,119.21,13.11,1,1,0,119.21,119.21,10,28,5,135,chop/elder,3,I/D/I,IGNORE,0.02,-0.05,1,1,1
2023-07-08,2023-08-05,1.3568,3000,0,107.04,11.77,1,1,0,107.04,107.04,10,28,5,115,pvo/bop,3,I/I/I,IGNORE,0.035,-0.29,1,1,1
2023-07-08,2023-08-05,1.3094,3000,0,92.81,10.21,1,1,0,92.81,92.81,10,28,5,115,pivots/aroon/adx/mfi,0,I/I/I/I/I,IGNORE,0.02,-0.23,1,1,1
2023-07-08,2023-08-05,1.627,3000,0,54.54,6.0,1,1,0,54.54,54.54,10,28,5,55,pvo,3,I/D,IGNORE,0.01,-0.3,1,1,1
2023-07-08,2023-08-05,1.6049,3000,0,78.67,8.65,1,1,0,78.67,78.67,10,28,5,20,bollinger,0,D/D,I/I,0.08,-0.06,1,1,1
2023-07-08,2023-08-05,1.287,3000,3186.0,186.09,20.47,3,2,0,93.05,93.05,10,28,5,95,bop,4,I/I,IGNORE,0.02,-0.17,1,1,1
2023-07-08,2023-08-05,1.3239,3000,0,55.47,6.1,1,1,0,55.47,55.47,10,28,5,50,aroon,0,I/D,IGNORE,0.01,-0.09,1,1,1
2023-07-08,2023-08-05,1.7604,3000,0,132.99,14.63,4,4,0,33.25,45.11,10,28,5,125,bollinger/bop/rsi/zigzag/chop,0,I/I/I/I/I/D,IGNORE,0.005,-0.26,1,1,1
2023-07-08,2023-08-05,1.6849,3000,0,23.87,2.63,1,1,0,23.87,23.87,10,28,5,10,pvo,1,I/D,D/I,0.035,-0.14,1,1,1
2023-07-08,2023-08-05,2.3538,3000,3247.0,247.75,27.25,3,2,0,123.87,123.87,10,28,5,70,chop/chandelier,0,I/D/I,IGNORE,0.035,-0.02,1,1,1
2023-07-08,2023-08-05,1.5328,3000,0,159.84,17.58,1,1,0,159.84,159.84,10,28,5,195,elder/macd/aroon,4,I/I/D/I,D/D/I/D,0.025,-0.03,1,1,1
2023-07-08,2023-08-05,1.5269,3000,0,158.06,17.39,1,1,0,158.06,158.06,10,28,5,135,stochastic,1,I/I,I/D,0.085,-0.08,1,1,1
2023-07-08,2023-08-05,1.4179,3000,3261.0,261.75,28.79,2,1,0,261.75,261.75,10,28,5,190,mfi,0,I/I,D/I,0.07,-0.05,1,1,1
2023-07-08,2023-08-05,1.5791,3000,3261.0,261.75,28.79,2,1,0,261.75,261.75,10,28,5,195,zigzag,0,I/I,D/I,0.065,-0.18,1,1,1
2023-07-08,2023-08-05,1.6103,3000,0,123.16,13.55,1,1,0,123.16,123.16,10,28,5,85,bop,1,I/I,I/D,0.02,-0.25,1,1,1
2023-07-08,2023-08-05,1.0,3000,3150.0,150.0,16.5,2,1,0,150.0,150.0,10,28,5,130,chop/macd,3,I/D/I,I/D/D,0.04,-0.04,1,1,1
2023-07-08,2023-08-05,1.0784,3000,0,23.51,2.59,1,1,0,23.51,23.51,10,28,5,5,aroon,2,I/D,I/I,0.095,-0.11,1,1,1
2023-07-08,2023-08-05,1.3094,3000,0,92.81,10.21,1,1,0,92.81,92.81,10,28,5,105,chop/aroon/stochastic,2,I/D/I/I,I/I/D/D,0.015,-0.14,1,1,1
2023-07-08,2023-08-05,2.0641,3000,0,261.75,28.79,1,1,0,261.75,261.75,10,28,5,60,pvo,2,I/D,D/D,0.07,-0.26,1,1,1
2023-07-08,2023-08-05,2.0171,3000,0,261.75,28.79,1,1,0,261.75,261.75,10,28,5,35,obv/elder/mfi,1,I/I/I/I,IGNORE,0.055,-0.03,1,1,1
2023-07-08,2023-08-05,1.7151,3000,0,160.47,17.65,1,1,0,160.47,160.47,10,28,5,5,bop/zigzag/mfi/bollinger,0,D/I/I/D/D,D/D/I/D/D,0.045,-0.21,1,1,1
2023-07-08,2023-08-05,1.33,3000,0,62.34,6.86,1,1,0,62.34,62.34,10,28,5,95,elder/macd,2,I/I/D,IGNORE,0.01,-0.08,1,1,1
2023-07-08,2023-08-05,1.4733,3000,0,14.21,1.56,2,2,0,7.1,7.1,10,28,5,15,obv/pivots/zigzag,0,I/I/I/I,IGNORE,0.01,-0.21,1,1,1
2023-07-08,2023-08-05,1.9086,3000,0,272.59,29.98,1,1,0,272.59,272.59,10,28,5,185,bop,0,I/D,IGNORE,0.075,-0.16,1,1,1
2023-07-08,2023-08-05,1.7333,3000,0,144.5,15.9,1,1,0,144.5,144.5,10,28,5,10,chop,0,D/I,D/D,0.07,-0.05,1,1,1
2023-07-08,2023-08-05,1.7423,3000,0,222.68,24.49,1,1,0,222.68,222.68,10,28,5,195,bop,3,I/I,IGNORE,0.05,-0.1,1,1,1
2023-07-08,2023-08-05,1.5269,3000,0,158.06,17.39,1,1,0,158.06,158.06,10,28,5,165,bollinger/macd,4,I/I/I,I/D/I,0.075,-0.19,1,1,1
2023-07-08,2023-08-05,1.3568,3000,0,107.04,11.77,1,1,0,107.04,107.04,10,28,5,55,macd,1,I/I,D/I,0.035,-0.06,1,1,1
2023-07-08,2023-08-05,1.6672,3000,0,200.15,22.02,1,1,0,200.15,200.15,10,28,5,20,pvo,0,I/I,IGNORE,0.045,-0.29,1,1,1
2023-07-08,2023-08-05,1.8725,3000,0,261.75,28.79,1,1,0,261.75,261.75,10,28,5,30,obv,1,I/I,IGNORE,0.065,-0.19,1,1,1
2023-07-08,2023-08-05,1.8276,3000,0,248.29,27.31,1,1,0,248.29,248.29,10,28,5,60,zigzag/macd/bop,3,I/I/I/I,I/D/D/D,0.06,-0.14,1,1,1
2023-07-08,2023-08-05,1.5644,3000,0,93.39,10.27,1,1,0,93.39,93.39,10,28,5,80,chandelier/macd/mfi/pvo,0,I/I/I/I/D,IGNORE,0.02,-0.12,1,1,1
2023-07-08,2023-08-05,0.8225,3000,3096.0,96.75,10.64,2,1,0,96.75,96.75,10,28,5,80,chop,1,I/D,IGNORE,0.03,-0.3,1,1,1
2023-07-08,2023-08-05,2.0121,3000,0,222.68,24.49,1,1,0,222.68,222.68,10,28,5,5,adx,0,I/D,IGNORE,0.05,-0.14,1,1,1
2023-07-08,2023-08-05,1.3644,3000,3208.0,208.5,22.94,2,1,0,208.5,208.5,10,28,5,75,chandelier,0,I/I,I/D,0.05,-0.24,1,1,1
2023-07-08,2023-08-05,1.5395,3000,0,161.86,17.8,1,1,0,161.86,161.86,10,28,5,185,pvo,3,I/D,D/D,0.045,-0.17,1,1,1
2023-07-08,2023-08-05,1.5269,3000,0,158.06,17.39,1,1,0,158.06,158.06,10,28,5,135,bop,2,I/I,D/D,0.085,-0.27,1,1,1
2023-07-08,2023-08-05,1.4648,3000,0,88.96,9.79,1,1,0,88.96,88.96,10,28,5,165,aroon,4,I/I,IGNORE,0.055,-0.27,1,1,1
2023-07-08,2023-08-05,1.2078,3000,0,62.34,6.86,1,1,0,62.34,62.34,10,28,5,20,bop/macd/adx,2,I/D/D/D,IGNORE,0.015,-0.18,1,1,1
2023-07-08,2023-08-05,1.2236,3000,0,2.34,0.26,2,2,0,1.17,1.17,10,28,5,10,elder,0,I/I,D/I,0.005,-0.2,1,1,1
2023-07-08,2023-08-05,1.2309,3000,0,69.26,7.62,1,1,0,69.26,69.26,10,28,5,65,macd/obv,1,I/I/I,IGNORE,0.025,-0.07,1,1,1
2023-07-08,2023-08-05,1.7399,3000,0,158.06,17.39,1,1,0,158.06,158.06,10,28,5,170,adl/bop/mfi,1,I/I/D/I,D/I/I/I,0.085,-0.21,1,1,1
2023-07-08,2023-08-05,1.695,3000,0,208.5,22.94,1,1,0,208.5,208.5,10,28,5,110,adx/bollinger/pivots,0,I/I/I/I,IGNORE,0.05,-0.14,1,1,1
2023-07-08,2023-08-05,1.3326,3000,0,57.75,6.35,1,1,0,57.75,57.75,10,28,5,125,obv,0,I/I,D/D,0.025,-0.05,1,1,1
2023-07-08,2023-08-05,1.5417,3000,3261.0,261.75,28.79,2,1,0,261.75,261.75,10,28,5,155,pvo/adl/macd,2,I/D/I/I,IGNORE,0.06,-0.02,1,1,1
2023-07-08,2023-08-05,1.9735,3000,0,292.06,32.13,2,2,0,146.03,146.03,10,28,5,195,adx/mfi/aroon,0,I/D/I/I,IGNORE,0.035,-0.24,1,1,1
2023-07-08,2023-08-05,1.2152,3000,0,64.56,7.1,1,1,0,64.56,64.56,10,28,5,35,rsi/stochastic,0,I/D/D,I/D/I,0.06,-0.26,1,1,1
2023-07-08,2023-08-05,1.5286,3000,0,123.16,13.55,1,1,0,123.16,123.16,10,28,5,70,pvo/bollinger/elder/chop,3,I/D/I/I/D,D/D/I/D/I,0.015,-0.25,1,1,1
2023-07-08,2023-08-05,1.0288,3000,3158.0,158.65,17.45,2,1,0,158.65,158.65,10,28,5,105,obv,1,I/I,IGNORE,0.085,-0.27,1,1,1
2023-07-08,2023-08-05,1.3281,3000,0,98.42,10.83,1,1,0,98.42,98.42,10,28,5,40,bop,1,I/D,D/I,0.06,-0.11,1,1,1
2023-07-08,2023-08-05,1.287,3000,3186.0,186.09,20.47,3,2,0,93.05,93.05,10,28,5,180,rsi/adl,1,I/I/I,I/D/D,0.02,-0.2,1,1,1
2023-07-08,2023-08-05,0.8709,3000,3111.0,111.27,12.24,2,1,0,111.27,111.27,10,28,5,75,rsi/elder/bop,4,I/I/I/I,I/D/D/I,0.02,-0.13,1,1,1
2023-07-08,2023-08-05,1.6622,3000,0,198.66,21.85,2,2,0,99.33,99.33,10,28,5,175,bop/macd,1,I/D/I,D/D/I,0.025,-0.05,1,1,1
2023-07-08,2023-08-05,1.4925,3000,3247.0,247.75,27.25,3,2,0,123.87,123.87,10,28,5,150,stochastic,1,I/I,IGNORE,0.03,-0.15,1,1,1
2023-07-08,2023-08-05,0.9134,3000,3106.0,106.42,11.71,2,1,0,106.42,106.42,10,28,5,40,chop/mfi,0,I/I/D,IGNORE,0.005,-0.1,1,1,1
2023-07-08,2023-08-05,1.1346,3000,3190.0,190.37,20.94,2,1,0,190.37,190.37,10,28,5,20,stochastic/bollinger,1,I/I/I,IGNORE,0.035,-0.25,1,1,1
2023-07-08,2023-08-05,1.5164,3000,3166.0,166.98,18.37,3,2,0,83.49,83.49,10,28,5,35,elder,1,I/D,IGNORE,0.015,-0.1,1,1,1
2023-07-08,2023-08-05,2.0073,3000,0,302.2,33.24,1,1,0,302.2,302.2,10,28,5,55,pvo/stochastic,2,I/D/I,IGNORE,0.07,-0.13,1,1,1
2023-07-08,2023-08-05,1.3225,3000,0,96.75,10.64,1,1,0,96.75,96.75,10,28,5,135,elder/aroon,2,I/I/I,I/D/I,0.03,-0.24,1,1,1
2023-07-08,2023-08-05,1.1944,3000,3012.0,12.94,1.42,2,1,0,12.94,12.94,10,28,5,5,mfi,0,I/D,D/I,0.065,-0.05,1,1,1
2023-07-08,2023-08-05,1.195,3000,3208.0,208.5,22.94,2,1,0,208.5,208.5,10,28,5,155,stochastic,1,I/I,IGNORE,0.05,-0.3,1,1,1
2023-07-08,2023-08-05,1.0967,3000,3111.0,111.27,12.24,2,1,0,111.27,111.27,10,28,5,40,elder,1,I/D,I/I,0.02,-0.16,1,1,1
2023-07-08,2023-08-05,1.8106,3000,0,197.22,21.69,1,1,0,197.22,197.22,10,28,5,145,obv,0,I/D,IGNORE,0.1,-0.04,1,1,1
2023-07-08,2023-08-05,1.211,3000,0,63.29,6.96,1,1,0,63.29,63.29,10,28,5,130,aroon,4,I/I,IGNORE,0.05,-0.07,1,1,1
2023-07-08,2023-08-05,1.7911,3000,0,106.42,11.71,1,1,0,106.42,106.42,10,28,5,25,rsi/macd,0,I/I/D,I/D/I,0.005,-0.1,1,1,1
2023-07-08,2023-08-05,1.4089,3000,0,93.39,10.27,1,1,0,93.39,93.39,10,28,5,15,obv,5,I/I,I/D,0.015,-0.22,1,1,1
2023-07-08,2023-08-05,1.8258,3000,0,247.75,27.25,1,1,0,247.75,247.75,10,28,5,70,macd,0,I/I,IGNORE,0.06,-0.26,1,1,1
2023-07-08,2023-08-05,0.7464,3000,3023.0,23.87,2.63,2,1,0,23.87,23.87,10,28,5,150,elder/chandelier/obv,1,I/I/I/I,I/I/D/I,0.04,-0.02,1,1,1
2023-07-08,2023-08-05,1.3609,3000,0,108.26,11.91,1,1,0,108.26,108.26,10,28,5,100,stochastic/aroon/rsi/zigzag,0,I/I/I/I/I,I/I/D/D/D,0.015,-0.14,1,1,1
2023-07-08,2023-08-05,1.4321,3000,3208.0,208.5,22.94,2,1,0,208.5,208.5,10,28,5,170,chop/chandelier,0,I/D/I,IGNORE,0.05,-0.04,1,1,1
2023-07-08,2023-08-05,1.2803,3000,3150.0,150.0,16.5,2,1,0,150.0,150.0,10,28,5,75,chop/pivots,0,I/D/I,I/D/D,0.04,-0.29,1,1,1
2023-07-08,2023-08-05,2.0073,3000,0,302.2,33.24,1,1,0,302.2,302.2,10,28,5,130,mfi/stochastic,0,I/I/I,IGNORE,0.07,-0.26,1,1,1
2023-07-08,2023-08-05,1.2857,3000,3190.0,190.37,20.94,2,1,0,190.37,190.37,10,28,5,15,bollinger,0,I/I,D/I,0.035,-0.25,1,1,1
2023-07-08,2023-08-05,1.8223,3000,3285.0,285.01,31.35,4,3,0,95.0,92.81,10,28,5,150,stochastic,1,I/I,D/I,0.015,-0.25,1,1,1
2023-07-08,2023-08-05,1.1595,3000,3103.0,103.58,11.39,3,2,0,51.79,51.79,10,28,5,15,stochastic,0,I/I,IGNORE,0.035,-0.3,1,1,1
2023-07-08,2023-08-05,1.404,3000,0,36.94,4.06,1,1,0,36.94,36.94,10,28,5,60,macd,1,I/I,I/D,0.065,-0.26,1,1,1
2023-07-08,2023-08-05,1.6574,3000,0,197.22,21.69,1,1,0,197.22,197.22,10,28,5,140,mfi/obv,0,I/I/D,D/D/D,0.09,-0.13,1,1,1
2023-07-08,2023-08-05,2.3568,3000,3285.0,285.01,31.35,4,3,0,95.0,92.81,10,28,5,130,chandelier,0,I/I,D/D,0.015,-0.25,1,1,1
2023-07-08,2023-08-05,1.5,3000,0,150.0,16.5,1,1,0,150.0,150.0,10,28,5,115,pvo/rsi/pivots,0,I/I/I/I,IGNORE,0.045,-0.26,1,1,1
2023-07-08,2023-08-05,1.0744,3000,3150.0,150.0,16.5,2,1,0,150.0,150.0,10,28,5,105,pvo/zigzag,1,I/D/I,D/I/I,0.045,-0.21,1,1,1
2023-07-08,2023-08-05,1.234,3000,3159.0,159.84,17.58,2,1,0,159.84,159.84,10,28,5,95,macd,1,I/D,I/I,0.025,-0.15,1,1,1
2023-07-08,2023-08-05,1.4134,3000,3274.0,274.03,30.14,2,1,0,274.03,274.03,10,28,5,75,chop/adl/bollinger,0,I/D/I/I,IGNORE,0.075,-0.13,1,1,1
2023-07-08,2023-08-05,2.0402,3000,0,261.75,28.79,1,1,0,261.75,261.75,10,28,5,25,obv,1,I/I,IGNORE,0.06,-0.09,1,1,1
2023-07-08,2023-08-05,1.6302,3000,0,189.06,20.8,1,1,0,189.06,189.06,10,28,5,110,pvo,3,I/D,IGNORE,0.055,-0.08,1,1,1
2023-07-08,2023-08-05,1.3983,3000,3039.0,39.08,4.3,3,2,0,19.54,19.54,10,28,5,55,stochastic,0,I/I,I/D,0.05,-0.22,1,1,1
2023-07-08,2023-08-05,1.5288,3000,0,158.65,17.45,1,1,0,158.65,158.65,10,28,5,165,mfi/macd,3,I/I/I,I/I/D,0.085,-0.2,1,1,1
2023-07-08,2023-08-05,1.322,3000,0,46.46,5.11,1,1,0,46.46,46.46,10,28,5,20,aroon,0,I/I,I/D,0.03,-0.1,1,1,1
2023-07-08,2023-08-05,1.4134,3000,3274.0,274.03,30.14,2,1,0,274.03,274.03,10,28,5,110,obv,1,I/I,D/D,0.07,-0.2,1,1,1
2023-07-08,2023-08-05,1.3355,3000,3200.0,200.15,22.02,2,1,0,200.15,200.15,10,28,5,155,pivots/obv,0,I/I/I,D/I/I,0.035,-0.14,1,1,1
2023-07-08,2023-08-05,1.8558,3000,0,208.5,22.94,1,1,0,208.5,208.5,10,28,5,190,macd/obv/pvo,1,I/D/D/I,I/D/I/D,0.06,-0.21,1,1,1
2023-07-08,2023-08-05,1.0269,3000,3158.0,158.06,17.39,2,1,0,158.06,158.06,10,28,5,180,rsi,0,I/I,IGNORE,0.075,-0.11,1,1,1
2023-07-08,2023-08-05,1.3428,3000,3150.0,150.0,16.5,2,1,0,150.0,150.0,10,28,5,160,pivots/adx,0,I/I/I,IGNORE,0.045,-0.24,1,1,1
2023-07-08,2023-08-05,0.9596,3000,3035.0,35.32,3.89,2,1,0,35.32,35.32,10,28,5,70,bop/chandelier,1,I/I/I,D/D/D,0.005,-0.05,1,1,1
2023-07-08,2023-08-05,1.6866,3000,3200.0,200.15,22.02,2,1,0,200.15,200.15,10,28,5,85,bollinger,0,I/I,I/D,0.04,-0.16,1,1,1
2023-07-08,2023-08-05,1.1276,3000,0,38.27,4.21,1,1,0,38.27,38.27,10,28,5,20,macd/stochastic/mfi/chop/pvo,1,I/D/I/D/I/I,IGNORE,0.01,-0.27,1,1,1
2023-07-08,2023-08-05,2.2288,3000,3285.0,285.01,31.35,4,3,0,95.0,92.81,10,28,5,105,chandelier,0,I/I,D/D,0.015,-0.2,1,1,1
2023-07-08,2023-08-05,1.2335,3000,3158.0,158.06,17.39,2,1,0,158.06,158.06,10,28,5,200,zigzag,0,I/I,D/I,0.075,-0.21,1,1,1
2023-07-08,2023-08-05,1.3851,3000,0,70.18,7.72,1,1,0,70.18,70.18,10,28,5,45,aroon/pivots,1,I/D/I,IGNORE,0.045,-0.23,1,1,1
2023-07-08,2023-08-05,1.4817,3000,0,144.5,15.9,1,1,0,144.5,144.5,10,28,5,200,zigzag/bop/obv,4,I/I/I/D,IGNORE,0.07,-0.21,1,1,1
2023-07-08,2023-08-05,1.6527,3000,3198.0,198.66,21.85,3,2,0,99.33,99.33,10,28,5,10,zigzag,0,I/I,IGNORE,0.025,-0.21,1,1,1
2023-07-08,2023-08-05,1.9397,3000,0,107.43,11.82,3,3,0,35.81,64.25,10,28,5,45,pvo,3,I/D,IGNORE,0.01,-0.07,1,1,1
2023-07-08,2023-08-05,1.0256,3000,0,7.67,0.84,1,1,0,7.67,7.67,10,28,5,10,chandelier/mfi/adx,0,I/D/D/I,I/D/I/D,0.025,-0.01,1,1,1
2023-07-08,2023-08-05,1.2943,3000,3150.0,150.0,16.5,2,1,0,150.0,150.0,10,28,5,140,chandelier,0,I/I,I/D,0.04,-0.27,1,1,1
2023-07-08,2023-08-05,1.543,3000,0,162.91,17.92,1,1,0,162.91,162.91,10,28,5,50,bop,0,I/D,D/I,0.04,-0.14,1,1,1
2023-07-08,2023-08-05,1.2438,3000,3170.0,170.98,18.81,2,1,0,170.98,170.98,10,28,5,15,pivots,0,I/I,IGNORE,0.03,-0.3,1,1,1
2023-07-08,2023-08-05,1.4482,3000,3234.0,234.46,25.79,3,2,0,117.23,117.23,10,28,5,90,stochastic,0,I/I,D/D,0.025,-0.16,1,1,1
2023-07-08,2023-08-05,1.4105,3000,0,123.16,13.55,1,1,0,123.16,123.16,10,28,5,20,bop,3,I/D,D/I,0.015,-0.28,1,1,1
2023-07-08,2023-08-05,1.5076,3000,0,92.81,10.21,1,1,0,92.81,92.81,10,28,5,130,mfi,1,I/I,D/D,0.01,-0.02,1,1,1
2023-07-08,2023-08-05,1.5665,3000,0,169.95,18.69,1,1,0,169.95,169.95,10,28,5,190,chop/obv/aroon/adl,1,I/D/D/I/I,D/D/D/I/D,0.08,-0.27,1,1,1
2023-07-08,2023-08-05,1.0313,3000,0,9.4,1.03,1,1,0,9.4,9.4,10,28,5,180,pvo/adl/chandelier/adx,0,I/D/I/I/D,IGNORE,0.005,-0.2,1,1,1
2023-07-08,2023-08-05,1.447,3000,3162.0,162.91,17.92,2,1,0,162.91,162.91,10,28,5,45,bollinger,0,I/I,IGNORE,0.03,-0.13,1,1,1
2023-07-08,2023-08-05,1.3487,3000,0,49.22,5.41,2,2,0,24.61,24.61,10,28,5,25,adl/aroon,1,I/I/D,IGNORE,0.005,-0.06,1,1,1
2023-07-08,2023-08-05,1.5462,3000,0,163.86,18.02,1,1,0,163.86,163.86,10,28,5,135,bop/adx,2,I/I/I,IGNORE,0.025,-0.18,1,1,1
2023-07-08,2023-08-05,1.7414,3000,0,64.91,7.14,2,2,0,32.45,32.45,10,28,5,5,stochastic/macd,1,I/I/I,IGNORE,0.005,-0.29,1,1,1
2023-07-08,2023-08-05,1.4266,3000,0,93.39,10.27,1,1,0,93.39,93.39,10,28,5,190,bop,1,I/I,IGNORE,0.02,-0.09,1,1,1
2023-07-08,2023-08-05,1.5288,3000,0,158.65,17.45,1,1,0,158.65,158.65,10,28,5,55,elder,4,I/I,I/D,0.085,-0.26,1,1,1
2023-07-08,2023-08-05,2.0168,3000,0,202.51,22.28,2,2,0,101.26,101.26,10,28,5,70,aroon/obv,3,I/I/I,IGNORE,0.01,-0.28,1,1,1
2023-07-08,2023-08-05,1.6859,3000,3198.0,198.66,21.85,3,2,0,99.33,99.33,10,28,5,190,zigzag,0,I/I,I/D,0.025,-0.15,1,1,1
2023-07-08,2023-08-05,1.4838,3000,0,145.15,15.97,3,3,0,48.38,93.32,10,28,5,160,stochastic,1,I/I,D/D,0.02,-0.02,1,1,1
2023-07-08,2023-08-05,1.0269,3000,3158.0,158.06,17.39,2,1,0,158.06,158.06,10,28,5,170,adx/elder/rsi,0,I/I/I/I,D/I/I/I,0.085,-0.2,1,1,1
2023-07-08,2023-08-05,1.5349,3000,0,160.47,17.65,1,1,0,160.47,160.47,10,28,5,15,elder,0,I/D,I/I,0.045,-0.14,1,1,1
2023-07-08,2023-08-05,1.1944,3000,0,58.32,6.42,1,1,0,58.32,58.32,10,28,5,80,aroon/chandelier,3,I/I/I,I/D/I,0.025,-0.19,1,1,1
2023-07-08,2023-08-05,1.543,3000,0,162.91,17.92,1,1,0,162.91,162.91,10,28,5,5,rsi/bop/obv/elder,0,I/D/D/D/D,D/I/D/D/D,0.025,-0.04,1,1,1
2023-07-08,2023-08-05,1.4802,3000,0,144.05,15.85,2,2,0,72.02,72.02,10,28,5,130,pvo/pivots/elder,5,I/D/I/I,I/D/I/D,0.01,-0.08,1,1,1
2023-07-08,2023-08-05,1.6203,3000,0,186.09,20.47,2,2,0,93.05,93.05,10,28,5,140,elder,3,I/I,D/D,0.02,-0.23,1,1,1
2023-07-08,2023-08-05,1.3568,3000,0,107.04,11.77,1,1,0,107.04,107.04,10,28,5,80,elder,5,I/I,IGNORE,0.035,-0.2,1,1,1
2023-07-08,2023-08-05,1.3422,3000,0,32.63,3.59,2,2,0,16.32,16.32,10,28,5,135,macd,1,I/I,IGNORE,0.015,-0.03,1,1,1
2023-07-08,2023-08-05,1.8211,3000,0,132.25,14.55,2,2,0,66.12,66.12,10,28,5,90,mfi/elder,2,I/I/I,D/I/I,0.015,-0.06,1,1,1
2023-07-08,2023-08-05,1.5462,3000,0,163.86,18.02,1,1,0,163.86,163.86,10,28,5,25,pvo,3,I/D,I/I,0.035,-0.07,1,1,1
2023-07-08,2023-08-05,1.5699,3000,0,170.98,18.81,1,1,0,170.98,170.98,10,28,5,10,mfi/bollinger/elder,1,I/D/I/I,D/D/I/D,0.025,-0.1,1,1,1
2023-07-08,2023-08-05,1.3725,3000,3261.0,261.75,28.79,2,1,0,261.75,261.75,10,28,5,70,adx/zigzag,1,I/I/I,I/D/D,0.055,-0.12,1,1,1
2023-07-08,2023-08-05,1.8745,3000,0,262.36,28.86,1,1,0,262.36,262.36,10,28,5,35,adx/bollinger,1,I/I/D,D/I/I,0.065,-0.25,1,1,1
2023-07-08,2023-08-05,1.3225,3000,0,96.75,10.64,1,1,0,96.75,96.75,10,28,5,150,macd/chandelier/pvo/bollinger,1,I/I/I/D/I,I/D/I/I/I,0.03,-0.17,1,1,1
2023-07-08,2023-08-05,1.6623,3000,0,6.53,0.72,2,2,0,3.26,3.26,10,28,5,45,bollinger,0,I/I,I/D,0.005,-0.04,1,1,1
2023-07-08,2023-08-05,1.3709,3000,0,111.27,12.24,1,1,0,111.27,111.27,10,28,5,25,chop/obv/mfi/bollinger/elder,1,I/I/I/D/I/D,D/I/I/I/I/D,0.02,-0.14,1,1,1
2023-07-08,2023-08-05,1.5791,3000,3261.0,261.75,28.79,2,1,0,261.75,261.75,10,28,5,185,chop,0,I/D,D/D,0.07,-0.25,1,1,1
2023-07-08,2023-08-05,1.791,3000,0,136.48,15.01,1,1,0,136.48,136.48,10,28,5,20,bollinger,1,D/D,IGNORE,0.04,-0.22,1,1,1
2023-07-08,2023-08-05,1.9853,3000,3261.0,261.75,28.79,2,1,0,261.75,261.75,10,28,5,95,pivots,0,I/I,D/I,0.07,-0.02,1,1,1
2023-07-08,2023-08-05,1.1376,3000,3150.0,150.0,16.5,2,1,0,150.0,150.0,10,28,5,90,adl,1,I/I,IGNORE,0.045,-0.04,1,1,1
2023-07-08,2023-08-05,1.7353,3000,0,220.58,24.26,1,1,0,220.58,220.58,10,28,5,55,elder/stochastic,1,I/I/D,IGNORE,0.05,-0.19,1,1,1
2023-07-09,2023-08-06,0.8017,3000,3090.0,90.51,9.96,2,1,0,90.51,90.51,10,28,5,20,adl/bop/rsi,0,I/I/D/I,IGNORE,0.02,-0.28,1,1,1
2023-07-09,2023-08-06,1.7476,3000,0,142.33,15.66,2,2,0,71.17,71.17,10,28,5,65,stochastic/adx/mfi/rsi,1,I/I/I/I/I,IGNORE,0.015,-0.16,1,1,1
2023-07-09,2023-08-06,1.9134,3000,0,274.03,30.14,1,1,0,274.03,274.03,10,28,5,125,pvo/adl/aroon,4,I/D/I/I,D/D/D/D,0.075,-0.17,1,1,1
2023-07-09,2023-08-06,1.9404,3000,0,261.75,28.79,1,1,0,261.75,261.75,10,28,5,200,aroon/chandelier,1,I/I/I,D/D/I,0.065,-0.04,1,1,1
2023-07-09,2023-08-06,1.3298,3000,3170.0,170.98,18.81,2,1,0,170.98,170.98,10,28,5,190,adx/pivots/mfi,0,I/I/I/I,D/D/D/I,0.03,-0.17,1,1,1
2023-07-09,2023-08-06,1.7526,3000,3146.0,146.83,16.15,4,3,0,48.94,29.17,10,28,5,185,adx,0,I/I,IGNORE,0.01,-0.25,1,1,1
2023-07-09,2023-08-06,1.5395,3000,0,161.86,17.8,1,1,0,161.86,161.86,10,28,5,115,pvo,5,I/D,D/D,0.045,-0.08,1,1,1
2023-07-09,2023-08-06,1.9086,3000,0,272.59,29.98,1,1,0,272.59,272.59,10,28,5,15,elder,0,I/D,I/I,0.065,-0.06,1,1,1
2023-07-09,2023-08-06,1.2333,3000,3150.0,150.0,16.5,2,1,0,150.0,150.0,10,28,5,135,adx/mfi,0,I/I/I,I/D/I,0.045,-0.16,1,1,1
2023-07-09,2023-08-06,1.1276,3000,0,38.27,4.21,1,1,0,38.27,38.27,10,28,5,195,adx/pvo,0,I/D/I,IGNORE,0.015,-0.03,1,1,1
2023-07-09,2023-08-06,1.7305,3000,0,219.16,24.11,1,1,0,219.16,219.16,10,28,5,100,rsi/macd/bop,3,I/I/I/I,D/I/D/D,0.05,-0.11,1,1,1
2023-07-09,2023-08-06,1.6723,3000,0,158.06,17.39,1,1,0,158.06,158.06,10,28,5,65,aroon,3,I/I,IGNORE,0.08,-0.11,1,1,1
2023-07-09,2023-08-06,1.0269,3000,3158.0,158.06,17.39,2,1,0,158.06,158.06,10,28,5,75,chop,1,I/D,IGNORE,0.08,-0.27,1,1,1
2023-07-09,2023-08-06,1.9006,3000,0,225.63,24.82,2,2,0,112.81,112.81,10,28,5,200,elder/adx/pvo,0,I/I/D/I,IGNORE,0.02,-0.02,1,1,1
2023-07-09,2023-08-06,1.7013,3000,0,159.84,17.58,2,2,0,79.92,79.92,10,28,5,10,pvo,0,I/D,D/I,0.02,-0.23,1,1,1
2023-07-09,2023-08-06,0.8094,3000,3092.0,92.81,10.21,2,1,0,92.81,92.81,10,28,5,130,macd/chandelier,2,I/I/I,I/D/D,0.02,-0.29,1,1,1
2023-07-09,2023-08-06,1.1346,3000,3190.0,190.37,20.94,2,1,0,190.37,190.37,10,28,5,165,aroon/pvo/elder,3,I/I/D/I,I/I/D/D,0.05,-0.11,1,1,1
2023-07-09,2023-08-06,1.6346,3000,0,190.37,20.94,1,1,0,190.37,190.37,10,28,5,20,obv/chandelier/stochastic/zigzag/macd,1,I/I/D/I/I/D,I/I/I/D/I/I,0.03,-0.02,1,1,1
2023-07-09,2023-08-06,1.6902,3000,0,158.06,17.39,1,1,0,158.06,158.06,10,28,5,70,pivots/adx,1,I/I/I,IGNORE,0.075,-0.19,1,1,1
2023-07-09,2023-08-06,1.7599,3000,0,190.37,20.94,1,1,0,190.37,190.37,10,28,5,90,bop,4,I/I,I/D,0.03,-0.19,1,1,1
2023-07-09,2023-08-06,1.3614,3000,0,108.41,11.93,1,1,0,108.41,108.41,10,28,5,195,adx/bop,2,I/D/I,D/I/D,0.035,-0.04,1,1,1
2023-07-09,2023-08-06,1.5269,3000,0,158.06,17.39,1,1,0,158.06,158.06,10,28,5,140,obv/zigzag,0,I/D/I,I/I/D,0.08,-0.14,1,1,1
2023-07-09,2023-08-06,0.8017,3000,3090.0,90.51,9.96,2,1,0,90.51,90.51,10,28,5,115,chop/pvo/pivots/bollinger,2,I/D/D/I/I,IGNORE,0.025,-0.07,1,1,1
2023-07-09,2023-08-06,1.0256,3000,0,7.67,0.84,1,1,0,7.67,7.67,10,28,5,140,pvo,5,I/D,I/I,0.035,-0.14,1,1,1
2023-07-09,2023-08-06,1.5288,3000,0,158.65,17.45,1,1,0,158.65,158.65,10,28,5,165,macd/bollinger,3,I/I/I,D/D/D,0.08,-0.29,1,1,1
2023-07-09,2023-08-06,1.9742,3000,0,222.68,24.49,1,1,0,222.68,222.68,10,28,5,160,aroon,3,I/I,IGNORE,0.06,-0.22,1,1,1
2023-07-09,2023-08-06,1.8973,3000,3247.0,247.75,27.25,3,2,0,123.87,123.87,10,28,5,195,rsi,0,I/I,D/D,0.035,-0.15,1,1,1
2023-07-09,2023-08-06,1.8725,3000,0,261.75,28.79,1,1,0,261.75,261.75,10,28,5,60,chop/pvo/chandelier,1,I/D/D/I,IGNORE,0.065,-0.24,1,1,1
2023-07-09,2023-08-06,1.857,3000,0,169.95,18.69,1,1,0,169.95,169.95,10,28,5,30,bollinger,1,I/D,D/I,0.085,-0.06,1,1,1
2023-07-09,2023-08-06,1.3482,3000,0,104.46,11.49,1,1,0,104.46,104.46,10,28,5,165,macd/obv,3,I/I/D,D/D/I,0.015,-0.3,1,1,1
2023-07-09,2023-08-06,1.5269,3000,0,158.06,17.39,1,1,0,158.06,158.06,10,28,5,145,mfi,1,I/I,D/I,0.08,-0.1,1,1,1
2023-07-09,2023-08-06,1.543,3000,0,162.91,17.92,1,1,0,162.91,162.91,10,28,5,5,elder/aroon,2,I/D/D,I/D/I,0.03,-0.23,1,1,1
2023-07-09,2023-08-06,1.5325,3000,0,132.99,14.63,4,4,0,33.25,45.11,10,28,5,130,adl,1,I/I,D/D,0.005,-0.04,1,1,1
2023-07-09,2023-08-06,1.5728,3000,0,158.65,17.45,1,1,0,158.65,158.65,10,28,5,25,bollinger/adx,0,I/D/I,I/I/I,0.08,-0.05,1,1,1
2023-07-09,2023-08-06,1.543,3000,0,162.91,17.92,1,1,0,162.91,162.91,10,28,5,40,pivots/aroon/elder/obv/rsi,1,I/I/D/D/I/I,I/D/D/D/D/D,0.035,-0.09,1,1,1
2023-07-09,2023-08-06,1.8284,3000,3203.0,203.77,22.41,4,3,0,67.92,57.37,10,28,5,15,stochastic,0,I/I,IGNORE,0.015,-0.3,1,1,1
2023-07-09,2023-08-06,1.2569,3000,0,55.47,6.1,1,1,0,55.47,55.47,10,28,5,20,aroon,1,I/D,D/I,0.01,-0.19,1,1,1
2023-07-09,2023-08-06,1.5058,3000,0,118.8,13.07,2,2,0,59.4,59.4,10,28,5,25,bollinger/chop/mfi/elder,1,I/D/I/D/D,IGNORE,0.01,-0.3,1,1,1
2023-07-09,2023-08-06,1.5685,3000,0,112.21,12.34,1,1,0,112.21,112.21,10,28,5,70,pvo,3,I/D,D/D,0.02,-0.04,1,1,1
2023-07-09,2023-08-06,1.466,3000,0,97.33,10.71,1,1,0,97.33,97.33,10,28,5,85,elder/bop,4,I/I/I,D/D/I,0.035,-0.28,1,1,1
2023-07-09,2023-08-06,1.5619,3000,0,168.56,18.54,1,1,0,168.56,168.56,10,28,5,180,macd/bop/pvo,0,I/I/D/D,IGNORE,0.08,-0.04,1,1,1
2023-07-09,2023-08-06,1.7065,3000,0,90.51,9.96,1,1,0,90.51,90.51,10,28,5,85,aroon/mfi,3,I/I/I,D/I/D,0.025,-0.25,1,1,1
2023-07-09,2023-08-06,2.0582,3000,0,261.75,28.79,1,1,0,261.75,261.75,10,28,5,95,adx,1,I/I,IGNORE,0.06,-0.08,1,1,1
2023-07-09,2023-08-06,1.671,3000,0,162.91,17.92,1,1,0,162.91,162.91,10,28,5,20,pvo/obv/chop/macd,1,I/I/I/I/D,IGNORE,0.04,-0.1,1,1,1
2023-07-09,2023-08-06,1.6323,3000,0,135.15,14.87,1,1,0,135.15,135.15,10,28,5,200,pvo/mfi,0,I/I/I,I/D/I,0.045,-0.25,1,1,1
2023-07-09,2023-08-06,1.5269,3000,0,158.06,17.39,1,1,0,158.06,158.06,10,28,5,110,zigzag/adx/adl,0,I/I/I/I,IGNORE,0.075,-0.06,1,1,1
2023-07-09,2023-08-06,1.2305,3000,3219.0,219.16,24.11,2,1,0,219.16,219.16,10,28,5,95,adl/bollinger,1,I/I/I,D/I/D,0.05,-0.1,1,1,1
2023-07-09,2023-08-06,1.8258,3000,0,247.75,27.25,1,1,0,247.75,247.75,10,28,5,110,pvo,2,I/D,IGNORE,0.06,-0.22,1,1,1
2023-07-09,2023-08-06,2.1624,3000,3247.0,247.75,27.25,3,2,0,123.87,123.87,10,28,5,85,pivots,0,I/I,D/D,0.035,-0.02,1,1,1
2023-07-09,2023-08-06,1.4561,3000,0,111.27,12.24,1,1,0,111.27,111.27,10,28,5,105,macd,4,I/I,IGNORE,0.015,-0.28,1,1,1
2023-07-09,2023-08-06,2.3866,3000,0,189.22,20.81,4,4,0,47.3,66.12,10,28,5,80,zigzag,0,I/I,D/D,0.01,-0.02,1,1,1
2023-07-09,2023-08-06,1.5269,3000,0,158.06,17.39,1,1,0,158.06,158.06,10,28,5,130,obv,0,I/I,D/D,0.08,-0.17,1,1,1
2023-07-09,2023-08-06,1.6765,3000,3186.0,186.09,20.47,3,2,0,93.05,93.05,10,28,5,180,stochastic/zigzag,0,I/I/I,I/D/I,0.02,-0.2,1,1,1
2023-07-09,2023-08-06,1.9642,3000,0,198.66,21.85,2,2,0,99.33,99.33,10,28,5,60,chop,1,I/D,D/D,0.025,-0.13,1,1,1
2023-07-09,2023-08-06,1.2395,3000,3144.0,144.5,15.9,2,1,0,144.5,144.5,10,28,5,100,stochastic,1,I/I,D/I,0.07,-0.12,1,1,1
2023-07-09,2023-08-06,1.3276,3000,3248.0,248.29,27.31,2,1,0,248.29,248.29,10,28,5,50,pvo/rsi,2,I/D/I,D/D/I,0.06,-0.3,1,1,1
2023-07-09,2023-08-06,1.5338,3000,0,67.12,7.38,1,1,0,67.12,67.12,10,28,5,15,bollinger,0,I/D,I/I,0.05,-0.3,1,1,1
2023-07-09,2023-08-06,1.1201,3000,3159.0,159.84,17.58,2,1,0,159.84,159.84,10,28,5,55,chop/zigzag/chandelier,0,I/I/I/I,IGNORE,0.04,-0.23,1,1,1
2023-07-09,2023-08-06,1.6622,3000,0,198.66,21.85,2,2,0,99.33,99.33,10,28,5,155,chandelier/adl,0,I/I/I,I/I/D,0.025,-0.17,1,1,1
2023-07-09,2023-08-06,1.287,3000,3186.0,186.09,20.47,3,2,0,93.05,93.05,10,28,5,150,bollinger,1,I/I,D/D,0.02,-0.26,1,1,1
2023-07-09,2023-08-06,1.3614,3000,0,108.41,11.93,1,1,0,108.41,108.41,10,28,5,125,elder/pvo/adx,4,I/I/D/I,IGNORE,0.035,-0.28,1,1,1
2023-07-09,2023-08-06,2.0086,3000,3255.0,255.58,28.11,3,2,0,127.79,127.79,10,28,5,75,zigzag/bop,2,I/I/I,I/I/D,0.02,-0.17,1,1,1
2023-07-09,2023-08-06,1.8725,3000,0,261.75,28.79,1,1,0,261.75,261.75,10,28,5,70,adx,2,I/I,D/I,0.06,-0.22,1,1,1
2023-07-09,2023-08-06,1.4817,3000,0,144.5,15.9,1,1,0,144.5,144.5,10,28,5,155,obv/bop/zigzag/chop,0,I/D/I/I/D,D/D/I/I/D,0.075,-0.3,1,1,1
2023-07-09,2023-08-06,1.4134,3000,3274.0,274.03,30.14,2,1,0,274.03,274.03,10,28,5,200,aroon/adl/macd/stochastic/pivots,1,I/I/I/D/I/I,I/D/D/I/D/I,0.075,-0.2,1,1,1
2023-07-09,2023-08-06,1.8749,3000,0,104.46,11.49,1,1,0,104.46,104.46,10,28,5,30,stochastic,1,I/D,IGNORE,0.005,-0.14,1,1,1
2023-07-09,2023-08-06,1.8959,3000,3233.0,233.81,25.72,3,2,0,116.91,116.91,10,28,5,180,adx,0,I/I,I/D,0.03,-0.25,1,1,1
2023-07-09,2023-08-06,1.6046,3000,0,95.67,10.52,1,1,0,95.67,95.67,10,28,5,25,bollinger/chandelier/macd,1,I/D/I/D,I/I/I/D,0.035,-0.27,1,1,1
2023-07-09,2023-08-06,1.7447,3000,0,158.06,17.39,1,1,0,158.06,158.06,10,28,5,125,elder/stochastic,2,I/I/I,IGNORE,0.085,-0.05,1,1,1
2023-07-09,2023-08-06,1.6302,3000,0,189.06,20.8,1,1,0,189.06,189.06,10,28,5,60,bop,3,I/I,IGNORE,0.055,-0.03,1,1,1
2023-07-09,2023-08-06,1.0269,3000,3158.0,158.06,17.39,2,1,0,158.06,158.06,10,28,5,80,bollinger,1,I/I,IGNORE,0.085,-0.13,1,1,1
2023-07-09,2023-08-06,2.0507,3000,0,292.06,32.13,2,2,0,146.03,146.03,10,28,5,20,chop,1,I/I,IGNORE,0.035,-0.04,1,1,1
2023-07-09,2023-08-06,1.6082,3000,0,58.32,6.42,1,1,0,58.32,58.32,10,28,5,40,bop,1,I/I,I/D,0.035,-0.18,1,1,1
2023-07-09,2023-08-06,1.195,3000,3208.0,208.5,22.94,2,1,0,208.5,208.5,10,28,5,145,rsi/stochastic,1,I/I/I,IGNORE,0.05,-0.03,1,1,1
2023-07-09,2023-08-06,2.1127,3000,0,274.03,30.14,1,1,0,274.03,274.03,10,28,5,190,bop,0,I/I,D/I,0.06,-0.22,1,1,1
2023-07-09,2023-08-06,2.0578,3000,0,272.59,29.98,1,1,0,272.59,272.59,10,28,5,135,rsi/stochastic,0,I/I/I,D/D/I,0.07,-0.2,1,1,1
2023-07-09,2023-08-06,1.2049,3000,0,23.87,2.63,1,1,0,23.87,23.87,10,28,5,105,rsi/bop,2,I/I/I,I/I/D,0.03,-0.02,1,1,1
2023-07-09,2023-08-06,1.2423,3000,3222.0,222.68,24.49,2,1,0,222.68,222.68,10,28,5,50,adl/adx/pvo,1,I/I/I/D,IGNORE,0.045,-0.22,1,1,1
2023-07-09,2023-08-06,1.2696,3000,3158.0,158.06,17.39,2,1,0,158.06,158.06,10,28,5,155,zigzag,0,I/I,IGNORE,0.075,-0.04,1,1,1
2023-07-09,2023-08-06,2.0717,3000,0,261.75,28.79,1,1,0,261.75,261.75,10,28,5,200,bop/macd,2,I/I/I,IGNORE,0.065,-0.25,1,1,1
2023-07-09,2023-08-06,1.6303,3000,3261.0,261.75,28.79,2,1,0,261.75,261.75,10,28,5,190,chop/adl,1,I/D/I,I/D/D,0.065,-0.22,1,1,1
2023-07-09,2023-08-06,1.9313,3000,0,258.57,28.44,2,2,0,129.29,129.29,10,28,5,15,stochastic,1,I/I,D/D,0.035,-0.23,1,1,1
2023-07-09,2023-08-06,1.8329,3000,3247.0,247.75,27.25,2,1,0,247.75,247.75,10,28,5,95,obv,1,I/I,IGNORE,0.065,-0.12,1,1,1
2023-07-09,2023-08-06,1.4571,3000,0,70.18,7.72,1,1,0,70.18,70.18,10,28,5,10,macd,0,I/I,IGNORE,0.05,-0.3,1,1,1
2023-07-09,2023-08-06,1.351,3000,0,23.87,2.63,1,1,0,23.87,23.87,10,28,5,10,elder,2,I/I,D/D,0.04,-0.26,1,1,1
2023-07-09,2023-08-06,1.3094,3000,0,92.81,10.21,1,1,0,92.81,92.81,10,28,5,30,macd/adx/adl/chandelier,0,I/I/I/I/I,D/D/D/D/D,0.005,-0.05,1,1,1
2023-07-09,2023-08-06,1.3742,3000,0,112.27,12.35,1,1,0,112.27,112.27,10,28,5,200,bop/chandelier,3,I/I/I,D/D/D,0.03,-0.11,1,1,1
2023-07-09,2023-08-06,1.8725,3000,0,261.75,28.79,1,1,0,261.75,261.75,10,28,5,80,adx,2,I/I,I/D,0.055,-0.12,1,1,1
2023-07-09,2023-08-06,2.081,3000,3208.0,208.86,22.97,3,2,0,104.43,104.43,10,28,5,65,stochastic,0,I/I,D/I,0.02,-0.18,1,1,1
2023-07-09,2023-08-06,1.6672,3000,0,200.15,22.02,1,1,0,200.15,200.15,10,28,5,190,rsi/stochastic/bollinger/pvo/obv,0,I/I/I/I/D/D,I/I/D/D/I/I,0.04,-0.17,1,1,1
2023-07-09,2023-08-06,1.1857,3000,0,55.71,6.13,1,1,0,55.71,55.71,10,28,5,25,macd,0,I/D,I/I,0.095,-0.11,1,1,1
2023-07-09,2023-08-06,1.5967,3000,0,158.65,17.45,1,1,0,158.65,158.65,10,28,5,110,adx/chandelier/bollinger,1,I/I/I/I,IGNORE,0.08,-0.01,1,1,1
2023-07-09,2023-08-06,1.2333,3000,3150.0,150.0,16.5,2,1,0,150.0,150.0,10,28,5,150,pivots/rsi,0,I/I/I,D/I/D,0.045,-0.23,1,1,1
2023-07-09,2023-08-06,1.7423,3000,0,222.68,24.49,1,1,0,222.68,222.68,10,28,5,20,zigzag/stochastic/rsi/bop/mfi,0,I/I/I/D/D/D,D/D/I/D/D/I,0.04,-0.11,1,1,1
2023-07-09,2023-08-06,1.7334,3000,0,9.4,1.03,1,1,0,9.4,9.4,10,28,5,10,rsi,0,I/D,I/I,0.005,-0.11,1,1,1
2023-07-09,2023-08-06,1.5006,3000,0,90.51,9.96,1,1,0,90.51,90.51,10,28,5,125,bop,4,I/I,IGNORE,0.025,-0.05,1,1,1
2023-07-09,2023-08-06,2.0855,3000,0,302.2,33.24,1,1,0,302.2,302.2,10,28,5,35,macd,0,I/D,I/I,0.07,-0.23,1,1,1
2023-07-09,2023-08-06,1.8798,3000,0,190.37,20.94,1,1,0,190.37,190.37,10,28,5,15,chandelier,0,I/D,I/I,0.055,-0.03,1,1,1
2023-07-09,2023-08-06,1.8725,3000,0,261.75,28.79,1,1,0,261.75,261.75,10,28,5,90,chop,1,I/D,IGNORE,0.07,-0.24,1,1,1
2023-07-09,2023-08-06,1.2406,3000,0,72.17,7.94,1,1,0,72.17,72.17,10,28,5,140,pvo,4,I/D,IGNORE,0.005,-0.1,1,1,1
2023-07-09,2023-08-06,1.9134,3000,0,274.03,30.14,1,1,0,274.03,274.03,10,28,5,20,stochastic/adx,0,D/I/D,D/D/I,0.065,-0.19,1,1,1
2023-07-09,2023-08-06,1.2339,3000,0,70.18,7.72,1,1,0,70.18,70.18,10,28,5,15,bop/adx/aroon,1,I/D/D/D,IGNORE,0.045,-0.09,1,1,1
2023-07-09,2023-08-06,1.5288,3000,0,158.65,17.45,1,1,0,158.65,158.65,10,28,5,140,adl/bop/macd/chandelier,2,I/I/I/I/I,I/D/D/D/D,0.08,-0.03,1,1,1
2023-07-09,2023-08-06,1.1925,3000,0,57.75,6.35,1,1,0,57.75,57.75,10,28,5,115,aroon/stochastic/mfi,1,I/I/I/I,IGNORE,0.025,-0.06,1,1,1
2023-07-09,2023-08-06,1.4715,3000,0,55.47,6.1,1,1,0,55.47,55.47,10,28,5,25,aroon,0,I/D,I/I,0.01,-0.16,1,1,1
2023-07-09,2023-08-06,1.5269,3000,0,158.06,17.39,1,1,0,158.06,158.06,10,28,5,195,pvo/stochastic/chop,0,I/I/I/D,D/D/D/I,0.075,-0.14,1,1,1
2023-07-09,2023-08-06,1.1185,3000,3092.0,92.81,10.21,2,1,0,92.81,92.81,10,28,5,145,adl/rsi/macd/pvo,1,I/I/I/I/D,D/I/D/D/D,0.015,-0.16,1,1,1
2023-07-09,2023-08-06,1.2476,3000,3139.0,139.18,15.31,3,2,0,69.59,69.59,10,28,5,80,bollinger/rsi/adl,1,I/I/I/I,D/I/I/D,0.03,-0.25,1,1,1
2023-07-09,2023-08-06,1.8258,3000,0,247.75,27.25,1,1,0,247.75,247.75,10,28,5,185,pvo/zigzag,0,I/I/I,IGNORE,0.05,-0.1,1,1,1
2023-07-09,2023-08-06,1.7795,3000,3261.0,261.75,28.79,2,1,0,261.75,261.75,10,28,5,150,zigzag,0,I/I,IGNORE,0.065,-0.3,1,1,1
2023-07-09,2023-08-06,1.3289,3000,3198.0,198.66,21.85,3,2,0,99.33,99.33,10,28,5,70,adx/adl,1,I/I/I,IGNORE,0.025,-0.08,1,1,1
2023-07-09,2023-08-06,1.8144,3000,0,170.98,18.81,1,1,0,170.98,170.98,10,28,5,135,aroon/pvo,5,I/I/D,IGNORE,0.025,-0.2,1,1,1
2023-07-09,2023-08-06,1.7449,3000,3261.0,261.75,28.79,2,1,0,261.75,261.75,10,28,5,105,zigzag,0,I/I,IGNORE,0.055,-0.26,1,1,1
2023-07-09,2023-08-06,1.6302,3000,0,189.06,20.8,1,1,0,189.06,189.06,10,28,5,105,pivots/bollinger/stochastic,2,I/I/I/I,I/I/D/I,0.055,-0.3,1,1,1
2023-07-09,2023-08-06,1.1849,3000,0,55.47,6.1,1,1,0,55.47,55.47,10,28,5,40,elder/rsi/bollinger/adl/chop,0,I/I/I/D/I/I,I/I/D/D/D/I,0.01,-0.16,1,1,1
2023-07-09,2023-08-06,2.1292,3000,0,200.15,22.02,1,1,0,200.15,200.15,10,28,5,40,adx/zigzag/bop,1,I/I/I/D,I/D/D/D,0.045,-0.26,1,1,1
2023-07-09,2023-08-06,1.8068,3000,0,163.86,18.02,1,1,0,163.86,163.86,10,28,5,5,adx/mfi,0,I/D/D,I/D/I,0.03,-0.25,1,1,1
2023-07-09,2023-08-06,1.9431,3000,0,96.75,10.64,1,1,0,96.75,96.75,10,28,5,50,obv/pivots,0,I/I/I,I/D/D,0.03,-0.2,1,1,1
2023-07-09,2023-08-06,1.9537,3000,0,219.16,24.11,1,1,0,219.16,219.16,10,28,5,90,elder,4,I/I,I/D,0.05,-0.06,1,1,1
2023-07-09,2023-08-06,1.6308,3000,0,96.75,10.64,1,1,0,96.75,96.75,10,28,5,200,aroon,2,I/I,IGNORE,0.03,-0.24,1,1,1
2023-07-09,2023-08-06,2.0073,3000,0,302.2,33.24,1,1,0,302.2,302.2,10,28,5,110,pvo,3,I/D,D/D,0.075,-0.28,1,1,1
2023-07-09,2023-08-06,1.6723,3000,0,158.06,17.39,1,1,0,158.06,158.06,10,28,5,195,pivots/mfi/aroon/elder,1,I/I/I/I/I,IGNORE,0.08,-0.16,1,1,1
2023-07-09,2023-08-06,1.5148,3000,3158.0,158.65,17.45,2,1,0,158.65,158.65,10,28,5,60,bollinger,0,I/I,D/I,0.08,-0.2,1,1,1
2023-07-09,2023-08-06,1.5304,3000,3150.0,150.0,16.5,2,1,0,150.0,150.0,10,28,5,80,chandelier,0,I/I,IGNORE,0.04,-0.09,1,1,1
2023-07-09,2023-08-06,2.0764,3000,0,272.59,29.98,1,1,0,272.59,272.59,10,28,5,160,aroon,5,I/I,D/I,0.075,-0.21,1,1,1
2023-07-09,2023-08-06,1.0619,3000,3168.0,168.56,18.54,2,1,0,168.56,168.56,10,28,5,140,bollinger,1,I/I,D/I,0.09,-0.21,1,1,1
2023-07-09,2023-08-06,0.9464,3000,3092.0,92.81,10.21,2,1,0,92.81,92.81,10,28,5,80,rsi/bollinger,1,I/I/I,IGNORE,0.01,-0.21,1,1,1
2023-07-09,2023-08-06,1.8147,3000,0,197.22,21.69,1,1,0,197.22,197.22,10,28,5,75,adx/chandelier/macd,1,I/I/I/I,I/I/D/I,0.1,-0.08,1,1,1
2023-07-09,2023-08-06,1.634,3000,0,92.81,10.21,1,1,0,92.81,92.81,10,28,5,120,elder/pivots,2,I/I/I,IGNORE,0.01,-0.15,1,1,1
2023-07-09,2023-08-06,1.9968,3000,0,156.92,17.26,3,3,0,52.31,57.75,10,28,5,105,chandelier,0,I/I,D/D,0.025,-0.03,1,1,1
2023-07-09,2023-08-06,1.3142,3000,3163.0,163.86,18.02,2,1,0,163.86,163.86,10,28,5,15,obv,2,I/I,D/D,0.025,-0.23,1,1,1
2023-07-09,2023-08-06,1.7333,3000,0,150.0,16.5,1,1,0,150.0,150.0,10,28,5,110,stochastic/rsi/adx,0,I/I/I/I,D/D/D/I,0.045,-0.1,1,1,1
2023-07-09,2023-08-06,1.2949,3000,3106.0,106.42,11.71,2,1,0,106.42,106.42,10,28,5,105,bollinger,1,I/I,D/D,0.005,-0.3,1,1,1
2023-07-09,2023-08-06,1.7198,3000,0,92.81,10.21,1,1,0,92.81,92.81,10,28,5,190,aroon/bollinger,1,I/I/I,IGNORE,0.005,-0.22,1,1,1
2023-07-09,2023-08-06,2.0693,3000,0,225.63,24.82,2,2,0,112.81,112.81,10,28,5,90,bollinger,1,I/I,I/D,0.025,-0.28,1,1,1
2023-07-09,2023-08-06,1.7449,3000,3261.0,261.75,28.79,2,1,0,261.75,261.75,10,28,5,150,pivots/chandelier,0,I/I/I,D/D/I,0.055,-0.21,1,1,1
2023-07-09,2023-08-06,1.5333,3000,3260.0,260.0,28.6,3,2,0,130.0,130.0,10,28,5,175,bop,0,I/D,IGNORE,0.035,-0.25,1,1,1
2023-07-09,2023-08-06,1.5164,3000,0,46.31,5.09,1,1,0,46.31,46.31,10,28,5,5,elder,0,I/I,IGNORE,0.04,-0.14,1,1,1
2023-07-09,2023-08-06,1.1345,3000,3112.0,112.27,12.35,2,1,0,112.27,112.27,10,28,5,5,pvo/elder/zigzag/pivots,0,I/I/I/I/I,D/D/I/D/I,0.03,-0.05,1,1,1
2023-07-09,2023-08-06,1.4802,3000,0,144.05,15.85,2,2,0,72.02,72.02,10,28,5,160,obv/adx,0,I/D/I,IGNORE,0.015,-0.24,1,1,1
2023-07-09,2023-08-06,1.5037,3000,0,79.53,8.75,1,1,0,79.53,79.53,10,28,5,140,macd,3,I/I,IGNORE,0.01,-0.19,1,1,1
2023-07-09,2023-08-06,1.7121,3000,0,176.98,19.47,2,2,0,88.49,88.49,10,28,5,185,macd,0,I/D,IGNORE,0.01,-0.02,1,1,1
2023-07-09,2023-08-06,1.8628,3000,0,208.5,22.94,1,1,0,208.5,208.5,10,28,5,125,pivots/elder,2,I/I/I,IGNORE,0.05,-0.15,1,1,1
2023-07-09,2023-08-06,2.1657,3000,3298.0,298.99,32.89,3,2,0,149.49,149.49,10,28,5,195,mfi,0,I/I,IGNORE,0.04,-0.24,1,1,1
2023-07-09,2023-08-06,1.1041,3000,3092.0,92.81,10.21,2,1,0,92.81,92.81,10,28,5,15,bop,1,I/D,D/D,0.02,-0.3,1,1,1
2023-07-09,2023-08-06,1.7566,3000,0,144.5,15.9,1,1,0,144.5,144.5,10,28,5,200,adl/bop/pvo,1,I/I/I/D,D/D/I/D,0.075,-0.24,1,1,1
2023-07-09,2023-08-06,2.3958,3000,0,132.99,14.63,4,4,0,33.25,45.11,10,28,5,60,zigzag,0,I/I,I/D,0.005,-0.08,1,1,1
2023-07-09,2023-08-06,1.7768,3000,0,136.48,15.01,1,1,0,136.48,136.48,10,28,5,50,chandelier/aroon,1,I/I/I,IGNORE,0.035,-0.27,1,1,1
2023-07-09,2023-08-06,1.2696,3000,3158.0,158.06,17.39,2,1,0,158.06,158.06,10,28,5,150,chandelier,0,I/I,I/D,0.08,-0.03,1,1,1
2023-07-09,2023-08-06,1.9393,3000,0,154.62,17.01,5,5,0,30.92,36.66,10,28,5,110,elder/aroon/chop,2,I/I/I/D,I/D/D/D,0.005,-0.02,1,1,1
2023-07-09,2023-08-06,1.6825,3000,3261.0,261.75,28.79,2,1,0,261.75,261.75,10,28,5,130,rsi,0,I/I,I/D,0.055,-0.02,1,1,1
2023-07-09,2023-08-06,1.1649,3000,0,21.12,2.32,1,1,0,21.12,21.12,10,28,5,65,macd,1,I/I,IGNORE,0.01,-0.13,1,1,1
2023-07-09,2023-08-06,2.0717,3000,0,261.75,28.79,1,1,0,261.75,261.75,10,28,5,15,stochastic/chandelier/zigzag,0,I/D/I/D,I/D/D/I,0.065,-0.05,1,1,1
2023-07-09,2023-08-06,1.6882,3000,3260.0,260.83,28.69,4,3,0,86.94,92.81,10,28,5,90,bop/elder/pvo,3,I/I/I/D,D/D/I/D,0.01,-0.24,1,1,1
2023-07-09,2023-08-06,2.2303,3000,0,261.75,28.79,1,1,0,261.75,261.75,10,28,5,120,adl/bollinger,1,I/I/I,D/I/D,0.065,-0.02,1,1,1
2023-07-09,2023-08-06,1.4021,3000,3220.0,220.63,24.27,3,2,0,110.31,110.31,10,28,5,155,bop,2,I/I,D/I,0.025,-0.25,1,1,1
2023-07-09,2023-08-06,2.0237,3000,0,262.36,28.86,1,1,0,262.36,262.36,10,28,5,55,elder/rsi,2,I/I/I,IGNORE,0.07,-0.21,1,1,1
2023-07-09,2023-08-06,1.7573,3000,0,144.5,15.9,1,1,0,144.5,144.5,10,28,5,20,aroon,0,D/D,D/I,0.08,-0.23,1,1,1
2023-07-09,2023-08-06,1.0269,3000,3158.0,158.06,17.39,2,1,0,158.06,158.06,10,28,5,165,pvo,2,I/D,IGNORE,0.085,-0.25,1,1,1
2023-07-09,2023-08-06,1.6207,3000,0,123.16,13.55,1,1,0,123.16,123.16,10,28,5,25,adx/chop,0,I/D/I,IGNORE,0.025,-0.06,1,1,1
2023-07-09,2023-08-06,2.2256,3000,0,132.99,14.63,4,4,0,33.25,45.11,10,28,5,180,chandelier,0,I/I,D/I,0.005,-0.11,1,1,1
2023-07-09,2023-08-06,1.5459,3000,0,92.81,10.21,1,1,0,92.81,92.81,10,28,5,10,elder/adx,3,I/I/I,I/D/D,0.005,-0.16,1,1,1
2023-07-09,2023-08-06,1.3325,3000,0,64.91,7.14,2,2,0,32.45,32.45,10,28,5,10,chop/elder,2,I/I/I,IGNORE,0.005,-0.22,1,1,1
2023-07-09,2023-08-06,1.2608,3000,3158.0,158.65,17.45,2,1,0,158.65,158.65,10,28,5,160,aroon/bollinger,2,I/I/I,IGNORE,0.08,-0.18,1,1,1
2023-07-09,2023-08-06,1.2983,3000,0,54.31,5.97,2,2,0,27.16,27.16,10,28,5,30,elder,0,I/D,IGNORE,0.01,-0.14,1,1,1
2023-07-09,2023-08-06,1.0985,3000,3106.0,106.42,11.71,2,1,0,106.42,106.42,10,28,5,85,macd/aroon/elder,1,I/D/I/I,D/D/I/D,0.015,-0.08,1,1,1
2023-07-09,2023-08-06,1.8527,3000,0,186.13,20.47,5,5,0,37.23,50.3,10,28,5,95,adl/zigzag/aroon,1,I/I/I/I,IGNORE,0.005,-0.22,1,1,1
2023-07-09,2023-08-06,1.3725,3000,3261.0,261.75,28.79,2,1,0,261.75,261.75,10,28,5,85,obv/bop,2,I/I/I,D/I/I,0.06,-0.13,1,1,1
2023-07-09,2023-08-06,1.7418,3000,0,170.98,18.81,1,1,0,170.98,170.98,10,28,5,35,macd/adx/bollinger,0,I/D/I/D,I/D/I/I,0.03,-0.01,1,1,1
2023-07-09,2023-08-06,1.9177,3000,0,202.51,22.28,2,2,0,101.26,101.26,10,28,5,40,stochastic/bollinger,0,I/D/D,I/I/I,0.02,-0.12,1,1,1
2023-07-09,2023-08-06,1.4407,3000,3158.0,158.06,17.39,2,1,0,158.06,158.06,10,28,5,75,obv,1,I/I,D/D,0.075,-0.23,1,1,1
2023-07-15,2023-08-12,1.0462,3000,3163.0,163.86,18.02,2,1,0,163.86,163.86,10,28,5,105,stochastic,1,I/I,D/D,0.035,-0.15,1,1,1
2023-07-15,2023-08-12,1.7353,3000,0,220.58,24.26,1,1,0,220.58,220.58,10,28,5,105,mfi,1,I/I,I/D,0.055,-0.1,1,1,1
2023-07-15,2023-08-12,1.5665,3000,0,169.95,18.69,1,1,0,169.95,169.95,10,28,5,75,pvo/aroon,3,I/D/I,IGNORE,0.08,-0.28,1,1,1
2023-07-15,2023-08-12,1.5948,3000,0,72.5,7.97,2,2,0,36.25,36.25,10,28,5,5,rsi,0,I/D,D/I,0.02,-0.02,1,1,1
2023-07-15,2023-08-12,1.6214,3000,0,186.43,20.51,2,2,0,93.22,93.22,10,28,5,190,chandelier/pvo/obv,1,I/I/D/D,D/D/D/I,0.015,-0.25,1,1,1
2023-07-15,2023-08-12,1.55,3000,3274.0,274.03,30.14,2,1,0,274.03,274.03,10,28,5,195,bollinger,0,I/I,D/D,0.07,-0.3,1,1,1
2023-07-15,2023-08-12,1.0784,3000,0,23.51,2.59,1,1,0,23.51,23.51,10,28,5,5,aroon,2,I/D,I/I,0.065,-0.11,1,1,1
2023-07-15,2023-08-12,1.2705,3000,0,81.14,8.93,2,2,0,40.57,40.57,10,28,5,200,stochastic/pvo/macd/bop/bollinger,0,I/I/D/D/D/I,IGNORE,0.01,-0.19,1,1,1
2023-07-15,2023-08-12,2.2234,3000,0,123.94,13.63,2,2,0,61.97,61.97,10,28,5,10,adl/bollinger,0,I/D/I,D/D/D,0.02,-0.22,1,1,1
2023-07-15,2023-08-12,0.5796,3000,3023.0,23.87,2.63,2,1,0,23.87,23.87,10,28,5,170,chandelier/chop/bollinger/macd,1,I/I/D/I/I,I/D/I/I/I,0.04,-0.09,1,1,1
2023-07-15,2023-08-12,1.6214,3000,0,186.43,20.51,2,2,0,93.22,93.22,10,28,5,155,obv/rsi,0,I/I/I,IGNORE,0.015,-0.18,1,1,1
2023-07-15,2023-08-12,1.4059,3000,0,121.77,13.4,1,1,0,121.77,121.77,10,28,5,65,aroon/stochastic/chop/elder/bop,3,I/I/I/D/I/I,I/I/D/D/D/D,0.04,-0.26,1,1,1
2023-07-15,2023-08-12,1.2965,3000,0,88.96,9.79,1,1,0,88.96,88.96,10,28,5,135,stochastic,1,I/I,D/I,0.055,-0.2,1,1,1
2023-07-15,2023-08-12,1.3513,3000,0,105.4,11.59,1,1,0,105.4,105.4,10,28,5,190,adx/obv/adl,1,I/D/D/I,IGNORE,0.03,-0.14,1,1,1
2023-07-15,2023-08-12,2.6307,3000,0,315.99,34.76,4,4,0,79.0,72.02,10,28,5,40,aroon/macd,1,I/D/D,IGNORE,0.015,-0.16,1,1,1
2023-07-15,2023-08-12,1.769,3000,3159.0,159.84,17.58,2,1,0,159.84,159.84,10,28,5,25,rsi,0,I/I,D/D,0.04,-0.05,1,1,1
2023-07-15,2023-08-12,1.9134,3000,0,274.03,30.14,1,1,0,274.03,274.03,10,28,5,60,bop,3,I/I,IGNORE,0.065,-0.03,1,1,1
2023-07-15,2023-08-12,1.5393,3000,3144.0,144.05,15.85,3,2,0,72.02,72.02,10,28,5,140,pvo,2,I/D,D/D,0.015,-0.25,1,1,1
2023-07-15,2023-08-12,1.5699,3000,0,170.98,18.81,1,1,0,170.98,170.98,10,28,5,90,elder,5,I/I,D/I,0.04,-0.12,1,1,1
2023-07-15,2023-08-12,2.1146,3000,3274.0,274.03,30.14,2,1,0,274.03,274.03,10,28,5,55,pivots,0,I/I,D/D,0.065,-0.14,1,1,1
2023-07-15,2023-08-12,0.8281,3000,3098.0,98.42,10.83,2,1,0,98.42,98.42,10,28,5,115,bollinger/obv,2,I/I/I,D/I/I,0.06,-0.1,1,1,1
2023-07-15,2023-08-12,1.4134,3000,3274.0,274.03,30.14,2,1,0,274.03,274.03,10,28,5,195,adl,1,I/I,IGNORE,0.065,-0.27,1,1,1
2023-07-15,2023-08-12,1.6905,3000,0,70.18,7.72,1,1,0,70.18,70.18,10,28,5,35,adx,0,I/I,D/I,0.055,-0.28,1,1,1
2023-07-15,2023-08-12,1.7353,3000,0,220.58,24.26,1,1,0,220.58,220.58,10,28,5,170,bop/adx/rsi,0,I/D/I/I,I/D/I/D,0.055,-0.29,1,1,1
2023-07-15,2023-08-12,1.7683,3000,0,38.27,4.21,1,1,0,38.27,38.27,10,28,5,55,aroon,1,I/I,IGNORE,0.01,-0.01,1,1,1
2023-07-15,2023-08-12,1.3281,3000,0,98.42,10.83,1,1,0,98.42,98.42,10,28,5,120,stochastic/rsi/bop,2,I/I/I/I,IGNORE,0.065,-0.19,1,1,1
2023-07-15,2023-08-12,1.4134,3000,3274.0,274.03,30.14,2,1,0,274.03,274.03,10,28,5,155,mfi,1,I/I,IGNORE,0.06,-0.01,1,1,1
2023-07-15,2023-08-12,1.961,3000,0,198.1,21.79,2,2,0,99.05,99.05,10,28,5,200,rsi/aroon,1,I/I/I,D/D/I,0.02,-0.03,1,1,1
2023-07-15,2023-08-12,1.8533,3000,3315.0,315.99,34.76,5,4,0,79.0,72.02,10,28,5,155,mfi,1,I/I,IGNORE,0.015,-0.18,1,1,1
2023-07-15,2023-08-12,1.543,3000,0,162.91,17.92,1,1,0,162.91,162.91,10,28,5,5,stochastic/obv/rsi,0,I/D/D/D,IGNORE,0.035,-0.07,1,1,1
2023-07-15,2023-08-12,1.3614,3000,0,108.41,11.93,1,1,0,108.41,108.41,10,28,5,10,chop/adl/obv/bop,0,D/I/I/D/I,I/I/I/I/D,0.085,-0.19,1,1,1
2023-07-15,2023-08-12,1.9481,3000,3260.0,260.0,28.6,3,2,0,130.0,130.0,10,28,5,175,mfi/chop,0,I/I/D,IGNORE,0.035,-0.23,1,1,1
2023-07-15,2023-08-12,1.7608,3000,3260.0,260.0,28.6,3,2,0,130.0,130.0,10,28,5,155,pvo,2,I/D,IGNORE,0.035,-0.1,1,1,1
2023-07-15,2023-08-12,1.5696,3000,3274.0,274.03,30.14,2,1,0,274.03,274.03,10,28,5,170,zigzag/bollinger/chop,0,I/I/I/D,I/I/I/I,0.07,-0.29,1,1,1
2023-07-15,2023-08-12,1.6997,3000,0,169.95,18.69,1,1,0,169.95,169.95,10,28,5,30,aroon,1,I/D,IGNORE,0.08,-0.2,1,1,1
2023-07-15,2023-08-12,2.1138,3000,0,104.46,11.49,1,1,0,104.46,104.46,10,28,5,125,elder/mfi/stochastic/pivots,0,I/I/I/I/I,I/D/I/I/I,0.01,-0.28,1,1,1
2023-07-15,2023-08-12,1.3458,3000,3220.0,220.58,24.26,2,1,0,220.58,220.58,10,28,5,170,adx,0,I/I,I/D,0.055,-0.06,1,1,1
2023-07-15,2023-08-12,1.7089,3000,0,15.82,1.74,1,1,0,15.82,15.82,10,28,5,25,pvo,1,I/D,I/I,0.06,-0.02,1,1,1
2023-07-15,2023-08-12,2.2641,3000,3270.0,270.85,29.79,3,2,0,135.42,135.42,10,28,5,70,rsi/zigzag,0,I/I/I,D/D/I,0.03,-0.29,1,1,1
2023-07-15,2023-08-12,2.0174,3000,3274.0,274.03,30.14,2,1,0,274.03,274.03,10,28,5,90,rsi,0,I/I,IGNORE,0.07,-0.09,1,1,1
2023-07-15,2023-08-12,1.3267,3000,0,59.66,6.56,1,1,0,59.66,59.66,10,28,5,15,stochastic/bop/bollinger/chandelier,0,I/I/I/D/I,IGNORE,0.02,-0.29,1,1,1
2023-07-15,2023-08-12,1.221,3000,3094.0,94.96,10.45,2,1,0,94.96,94.96,10,28,5,130,chandelier/pvo,2,I/I/D,D/D/I,0.01,-0.16,1,1,1
2023-07-15,2023-08-12,1.178,3000,3123.0,123.94,13.63,3,2,0,61.97,61.97,10,28,5,120,aroon,2,I/I,D/I,0.02,-0.12,1,1,1
2023-07-15,2023-08-12,1.6519,3000,3090.0,90.51,9.96,2,1,0,90.51,90.51,10,28,5,40,pvo,2,I/D,D/I,0.02,-0.2,1,1,1
2023-07-15,2023-08-12,1.197,3000,3161.0,161.86,17.8,2,1,0,161.86,161.86,10,28,5,95,adx,2,I/I,D/D,0.045,-0.16,1,1,1
2023-07-15,2023-08-12,1.3691,3000,3210.0,210.73,23.18,3,2,0,105.37,105.37,10,28,5,70,chop/adx,1,I/D/I,I/I/I,0.025,-0.14,1,1,1
2023-07-15,2023-08-12,1.8925,3000,0,220.58,24.26,1,1,0,220.58,220.58,10,28,5,70,bop/zigzag,2,I/I/I,D/I/I,0.05,-0.19,1,1,1
2023-07-15,2023-08-12,1.543,3000,0,162.91,17.92,1,1,0,162.91,162.91,10,28,5,45,elder/bollinger,0,I/I/I,IGNORE,0.035,-0.11,1,1,1
2023-07-15,2023-08-12,1.7353,3000,0,220.58,24.26,1,1,0,220.58,220.58,10,28,5,70,macd/aroon/adx,1,I/I/I/I,D/I/D/I,0.055,-0.13,1,1,1
2023-07-15,2023-08-12,2.5283,3000,0,274.03,30.14,1,1,0,274.03,274.03,10,28,5,30,rsi,0,I/D,D/I,0.06,-0.2,1,1,1
