date,close,volume,open,high,low
2020-06-26,96.7982,5956168,100.00,103.00,96.00
2020-06-29,95.51,303810,95.44,97.375,94.11
2020-06-30,96.00,278963,97.00,97.00,93.95
2020-07-01,96.0901,611477,96.85,96.87,95.62
2020-07-02,99.00,1038237,98.918,100.672,96.90
2020-07-06,96.85,234688,101.06,101.06,96.50
2020-07-07,96.00,456266,96.75,96.75,95.4528
2020-07-08,94.485,306456,94.97,94.97,93.63
2020-07-09,92.35,224331,93.20,93.768,91.416
2020-07-10,96.45,175747,92.80,96.71,92.28
2020-07-13,96.42,162792,97.75,101.06,96.42
2020-07-14,98.93,93797,97.60,98.93,97.41
2020-07-15,97.95,185984,99.70,100.39,97.86
2020-07-16,96.62,58837,97.92,98.33,95.90
2020-07-17,98.55,317159,96.64,100.00,96.23
2020-07-20,99.32,160553,98.61,99.76,97.86
2020-07-21,100.53,809201,100.45,100.93,98.8224
2020-07-22,100.58,547535,100.53,101.00,99.25
2020-07-23,100.28,1784,102.27,102.27,99.97
2020-07-24,99.61,128427,100.30,101.95,99.61
2020-07-27,97.45,220022,100.44,101.75,97.3115
2020-07-28,97.03,276191,97.45,98.21,96.95
2020-07-29,98.52,53679,96.46,98.60,96.03
2020-07-30,99.30,393664,97.75,101.95,97.40
2020-07-31,100.25,2086170,98.69,100.32,97.64
2020-08-03,97.92,155719,100.20,100.20,97.54
2020-08-04,97.45,1070182,98.08,99.25,97.45
2020-08-05,96.04,32975,97.394,97.394,95.96
2020-08-06,97.89,237741,96.65,97.89,95.85
2020-08-07,97.67,195279,97.30,98.22,97.16
2020-08-10,98.04,188392,97.67,98.18,97.05
2020-08-11,97.80,30831,97.92,98.81,97.42
2020-08-12,98.93,179019,98.45,99.43,97.77
2020-08-13,101.17,292356,99.05,101.65,99.05
2020-08-14,98.25,10983,101.25,101.25,98.25
2020-08-17,97.36,36832,99.39,99.39,97.06
2020-08-18,99.07,19543,96.87,99.07,96.87
2020-08-19,97.895,193029,98.90,98.93,97.32
2020-08-20,95.30,86665,97.10,98.65,95.30
2020-08-21,96.56,7019,95.62,96.56,94.50
2020-08-24,96.57,335521,96.76,97.78,94.9933
2020-08-25,96.52,206011,96.80,97.21,95.30
2020-08-26,94.54,146435,96.11,98.07,93.43
2020-08-27,96.64,46507,95.04,97.15,94.78
2020-08-28,96.61,5407,96.57,97.90,95.995
2020-08-31,96.86,50196,96.66,98.1703,96.38
2020-09-01,96.23,52285,96.63,97.65,95.47
2020-09-02,97.45,10801,96.62,97.80,96.58
2020-09-03,96.36,75199,97.85,98.02,96.30
2020-09-04,94.37,60859,96.45,97.10,94.37
2020-09-08,96.09,28850,95.51,96.92,95.39
2020-09-09,95.93,33079,97.38,97.40,95.73
2020-09-10,94.89,85430,96.90,96.90,94.89
2020-09-11,94.8447,7549,95.33,95.68,94.83
2020-09-14,101.25,221636,95.78,101.25,95.78
2020-09-15,99.94,195638,101.56,102.60,99.94
2020-09-16,101.03,81763,101.14,102.18,100.01
2020-09-17,100.75,150881,99.98,100.75,99.81
2020-09-18,99.25,133728,100.71,101.14,98.49
2020-09-21,99.48,10355,99.11,99.48,96.29
2020-09-22,101.22,165394,99.05,101.64,99.04
2020-09-23,99.20,53085,100.21,100.73,98.64
2020-09-24,100.50,40928,100.00,101.235,97.08
2020-09-25,102.78,183246,100.70,102.85,100.46
2020-09-28,98.34,20126,102.85,102.85,96.42
2020-09-29,98.04,159665,97.75,98.88,97.35
2020-09-30,98.09,286051,98.29,99.39,97.71
2020-10-01,102.85,18904,97.36,102.85,97.36
2020-10-02,102.27,71749,100.61,103.22,100.18
2020-10-05,102.77,151875,102.30,103.01,102.01
2020-10-06,104.29,330069,102.80,106.53,102.52
2020-10-07,105.29,11248,104.90,107.17,103.99
2020-10-08,107.52,163111,105.79,107.77,104.87
2020-10-09,109.45,83589,106.64,109.45,106.55
2020-10-12,106.34,44993,107.25,108.425,104.20
2020-10-13,105.71,54730,105.84,106.46,105.33
2020-10-14,106.307,4558,105.51,106.96,104.59
2020-10-15,107.12,32818,106.24,107.285,104.18
2020-10-16,106.86,12319,107.31,107.36,106.62
2020-10-19,109.79,62602,107.008,109.79,106.99
2020-10-20,110.69,19508,109.24,111.51,109.24
2020-10-21,107.62,8029,110.80,110.80,107.56
2020-10-22,105.00,7867,106.80,107.16,104.47
2020-10-23,105.07,24211,105.61,105.61,104.14
2020-10-26,103.13,154893,104.30,105.77,103.13
2020-10-27,102.51,4673,103.72,104.07,102.51
2020-10-28,100.33,50274,102.54,102.5599,100.33
2020-10-29,100.67,12784,100.00,101.30,98.56
2020-10-30,99.62,66523,100.07,101.23,98.78
2020-11-02,99.94,13614,100.12,100.29,98.58
2020-11-03,100.45,50259,100.66,101.16,99.00
2020-11-04,103.50,16694,100.71,103.74,100.44
2020-11-05,101.96,9086,104.37,104.45,101.37
2020-11-06,104.20,104716,102.55,104.20,102.15
2020-11-09,106.41,203170,107.05,108.12,105.67
2020-11-10,106.58,12553,107.16,107.16,104.88
2020-11-11,108.41,42695,107.31,110.01,106.91
2020-11-12,110.99,135597,109.18,112.36,107.88
2020-11-13,112.93,29401,111.76,113.04,110.60
2020-11-16,114.88,54292,113.00,115.69,112.93
2020-11-17,115.85,42196,115.25,117.4698,115.25
2020-11-18,123.97,323135,116.98,125.105,116.98
2020-11-19,120.80,741289,124.41,124.41,120.525
2020-11-20,124.415,18119,121.34,124.83,120.89
2020-11-23,124.53,13551,125.00,126.62,123.95
2020-11-24,125.51,8375,125.39,126.35,123.98
2020-11-25,123.92,8452,126.21,126.21,122.24
2020-11-27,124.89,6820,124.64,125.55,124.02
2020-11-30,124.21,23684,126.76,126.76,122.99
2020-12-01,124.23,111063,126.70,126.70,124.16
2020-12-02,123.18,4913,123.47,124.35,122.23
2020-12-03,123.68,17353,122.44,123.77,121.78
2020-12-04,122.55,8794,125.13,125.13,120.72
2020-12-07,123.29,921274,122.09,123.99,121.06
2020-12-08,121.55,22541,124.19,124.19,121.47
2020-12-09,121.68,4200,120.99,121.93,120.76
2020-12-10,118.44,4214,121.24,122.42,118.44
2020-12-11,118.49,6161,117.81,119.69,117.81
2020-12-14,117.72,10516,118.45,118.98,117.28
2020-12-15,120.58,6850,118.50,120.58,115.63
2020-12-16,119.45,9631,120.99,121.31,118.74
2020-12-17,120.94,183241,120.23,121.19,119.86
2020-12-18,121.11,635519,121.62,122.18,120.51
2020-12-21,121.26,7204,120.83,121.73,119.03
2020-12-22,121.98,324016,120.90,121.98,120.03
2020-12-23,122.90,724036,121.42,124.80,121.42
2020-12-24,121.96,17830,124.03,124.74,121.80
2020-12-28,121.69,14285,121.55,123.16,121.19
2020-12-29,124.81,20501,122.27,124.81,117.97
2020-12-30,121.78,48804,121.80,122.95,118.64
2020-12-31,122.84,112569,121.50,122.88,120.81
2021-01-04,120.76,21931,123.70,123.93,120.66
2021-01-05,122.00,16702,119.62,122.29,119.62
2021-01-06,121.77,5883,122.49,122.49,120.28
2021-01-07,120.94,5781,123.05,123.05,120.544
2021-01-08,120.44,33720,122.98,122.98,120.36
2021-01-11,120.09,174472,121.45,121.45,118.99
2021-01-12,120.485,15916,121.09,121.09,116.00
2021-01-13,119.54,13696,120.01,120.31,119.27
2021-01-14,117.45,40652,120.14,120.35,117.41
2021-01-15,120.46,20288,118.35,122.24,118.35
2021-01-19,119.12,110800,121.66,121.66,118.64
2021-01-20,120.78,308436,119.96,120.78,118.65
2021-01-21,118.18,152087,121.40,121.40,118.10
2021-01-22,117.87,61552,118.24,118.24,115.75
2021-01-25,113.61,14620,117.54,117.54,113.61
2021-01-26,111.03,88820,112.76,114.14,110.46
2021-01-27,108.46,530724,110.03,110.13,107.75
2021-01-28,115.15,14714,109.63,115.15,108.39
2021-01-29,114.06,148279,113.95,115.43,113.44
2021-02-01,114.77,459962,111.97,115.95,111.35
2021-02-02,116.55,43933,114.15,116.82,113.95
2021-02-03,118.38,19540,117.00,118.38,116.11
2021-02-04,118.47,496078,117.45,119.17,117.07
2021-02-05,118.465,7286,117.95,118.76,117.59
2021-02-08,118.10,9800,118.76,118.76,117.00
2021-02-09,117.14,77908,118.65,118.65,116.69
2021-02-10,119.56,4716,116.64,119.56,116.64
2021-02-11,117.01,302432,118.50,118.58,115.53
2021-02-12,118.00,65963,115.30,118.00,113.81
2021-02-16,115.51,10666,115.42,116.53,114.775
2021-02-17,114.81,10592,115.06,115.47,113.56
2021-02-18,115.11,14967,113.88,115.49,112.15
2021-02-19,113.75,8331,116.05,116.50,113.75
2021-02-22,112.07,2640194,113.35,113.47,111.02
2021-02-23,110.52,12672,111.24,111.60,109.44
2021-02-24,112.89,24333,111.20,112.89,111.20
2021-02-25,107.88,178165,111.25,112.72,107.12
2021-02-26,104.84,26418,107.15,107.44,104.84
2021-03-01,109.03,5597,104.33,109.35,104.33
2021-03-02,107.90,302204,108.48,108.5028,106.82
2021-03-03,106.54,10052,107.90,107.90,106.53
2021-03-04,106.7381,12733,107.64,107.64,105.90
2021-03-05,108.01,330380,105.95,108.01,103.98
2021-03-08,110.48,23825,110.22,111.37,109.50
2021-03-09,111.92,19931,110.84,112.31,110.84
2021-03-10,112.75,5738,112.68,112.96,112.22
2021-03-11,112.84,3157718,113.89,114.06,112.08
2021-03-12,113.21,8120,113.21,113.77,112.00
2021-03-15,115.24,11814,113.84,115.40,113.84
2021-03-16,115.94,6714,114.88,115.94,113.92
2021-03-17,115.55,451792,116.65,116.65,114.72
2021-03-18,111.15,5662,114.65,114.73,111.09
2021-03-19,111.12,5722,110.54,112.82,110.54
2021-03-22,109.41,3715,110.17,110.17,109.41
2021-03-23,108.3821,3784,109.85,109.85,108.34
2021-03-24,111.19,251924,111.88,114.305,111.09
2021-03-25,115.77,4671,110.17,115.97,110.17
2021-03-26,116.28,177953,115.44,116.66,115.285
2021-03-29,113.23,4604,116.39,116.39,113.10
2021-03-30,113.06,5528,113.10,113.15,112.38
2021-03-31,114.10,49850,113.60,116.19,113.60
2021-04-01,113.17,21315,114.68,115.02,112.52
2021-04-05,113.89,12156,112.62,114.67,112.62
2021-04-06,112.25,5781,112.90,113.72,112.11
2021-04-07,111.2048,108995,111.48,112.71,111.2048
2021-04-08,110.91,3429,111.23,111.69,110.91
2021-04-09,112.66,228968,111.76,113.21,111.76
2021-04-12,113.49,1252,111.89,113.93,111.89
2021-04-13,114.24,5469,112.46,114.24,112.12
2021-04-14,115.09,314747,114.96,115.83,114.65
2021-04-15,115.99,21603,115.0801,115.99,115.0801
2021-04-16,113.82,35454,116.89,116.89,113.69
2021-04-19,110.80,199874,114.04,114.04,110.08
2021-04-20,110.20,14001,111.27,111.27,109.23
2021-04-21,110.06,1289,109.71,110.06,109.71
2021-04-22,108.7301,5285,110.79,110.79,108.71
2021-04-23,108.27,3259,107.73,108.86,107.73
2021-04-26,107.40,4336,108.38,108.61,107.40
2021-04-27,105.93,40515,107.08,107.08,105.6262
2021-04-28,106.89,128353,105.44,107.13,105.44
2021-04-29,107.46,4793,106.96,107.46,104.28
2021-04-30,110.39,100866,106.56,111.12,106.56
2021-05-03,112.24,320622,111.81,112.62,111.74
2021-05-04,111.32,9884,112.89,112.89,109.63
2021-05-05,108.7903,4724,111.40,111.40,108.7903
2021-05-06,108.00,38578,107.8572,108.19,107.32
2021-05-07,108.87,147290,109.28,109.56,108.87
2021-05-10,107.97,216357,109.175,109.44,107.89
2021-05-11,108.13,32880,107.24,108.22,106.71
2021-05-12,104.71,106233,108.38,108.38,104.55
2021-05-13,104.1029,8470,103.10,105.35,103.10
2021-05-14,106.38,22199,104.00,106.76,104.00
2021-05-17,106.246,197919,105.72,106.99,105.70
2021-05-18,105.21,5909,105.41,105.88,105.21
2021-05-19,103.782,18624,104.61,104.61,102.45
2021-05-20,102.503,25290,103.18,104.08,102.41
2021-05-21,101.71,27367,103.24,103.24,101.71
2021-05-24,104.01,79981,102.70,104.23,102.70
2021-05-25,100.10,75314,103.31,103.31,99.67
2021-05-26,99.60,63456,100.11,100.40,99.10
2021-05-27,98.94,17597,100.04,100.04,98.85
2021-05-28,100.81,184497,98.52,100.93,98.52
2021-06-01,100.58,40469,100.99,101.19,99.31
2021-06-02,101.48,83832,100.77,101.48,100.52
2021-06-03,103.20,10087,101.40,103.20,101.01
2021-06-04,102.92,105355,103.05,103.13,102.46
2021-06-07,102.22,214096,102.50,103.17,101.85
2021-06-08,101.77,8440,102.71,102.71,101.555
2021-06-09,102.10,9268,101.57,102.55,101.32
2021-06-10,103.68,30994,102.59,103.93,102.14
2021-06-11,103.94,7528,103.20,103.94,103.09
2021-06-14,105.06,17089,103.69,105.49,103.69
2021-06-15,104.48,23842,104.38,104.74,103.59
2021-06-16,101.75,46215,104.55,104.55,101.49
2021-06-17,101.83,7439,101.88,101.88,100.7501
2021-06-18,101.19,7292,101.11,101.875,100.70
2021-06-21,101.94,5388,101.28,101.94,99.71
2021-06-22,100.855,8200,101.11,101.83,100.855
2021-06-23,100.21,10905,100.93,100.93,100.10
2021-06-24,99.51,63587,101.09,101.09,99.51
2021-06-25,101.34,5541,100.03,101.53,100.03
2021-06-28,102.76,6070,100.87,102.76,99.99
2021-06-29,100.49,6914,102.05,102.45,100.49
2021-06-30,101.37,239570,100.49,101.58,100.49
2021-07-01,102.63,17159,101.13,102.75,100.91
2021-07-02,103.29,12273,102.54,103.66,102.52
2021-07-06,103.90,8349,103.25,103.93,102.45
2021-07-07,103.10,56930,103.76,104.28,102.90
2021-07-08,101.43,12359,101.66,102.98,101.23
2021-07-09,102.70,8165,102.04,103.12,101.64
2021-07-12,101.75,4562,102.79,102.79,101.03
2021-07-13,99.74,246569,102.00,102.16,99.54
2021-07-14,99.42,109358,99.82,100.29,98.55
2021-07-15,99.79,6786,98.76,99.955,98.29
2021-07-16,98.38,122870,100.20,100.20,98.38
2021-07-19,93.66,340382,97.88,97.97,93.17
2021-07-20,95.57,25996,93.61,96.18,93.14
2021-07-21,95.97,87859,96.05,97.48,95.63
2021-07-22,94.19,12408,95.75,96.32,94.19
2021-07-23,93.91,119999,94.77,94.93,93.02
2021-07-26,89.5401,95451,93.71,93.71,87.86
2021-07-27,91.89,141122,89.16,92.01,88.949
2021-07-28,93.26,259597,91.99,93.5755,91.98
2021-07-29,92.68,617760,92.89,93.74,91.98
2021-07-30,90.42,31905,92.22,93.67,90.08
2021-08-02,91.66,104357,90.43,92.50,90.36
2021-08-03,92.13,354613,91.57,92.13,90.40
2021-08-04,89.27,46295,91.45,91.45,87.75
2021-08-05,86.50,72374,88.47,88.47,86.43
2021-08-06,88.31,15976,86.26,88.31,86.26
2021-08-09,88.66,54921,87.42,88.85,86.58
2021-08-10,93.14,190577,88.88,93.73,88.88
2021-08-11,94.62,14027,92.75,95.25,92.02
2021-08-12,92.61,381344,94.30,95.17,91.71
2021-08-13,91.47,14391,92.61,92.62,91.27
2021-08-16,92.06,8034,91.53,92.56,91.31
2021-08-17,91.56,105222,91.14,91.56,90.62
2021-08-18,91.54,8894,90.90,93.12,90.47
2021-08-19,89.68,65329,91.39,91.39,88.50
2021-08-20,92.7879,100191,89.24,92.88,89.24
2021-08-23,91.69,12612,93.13,93.22,91.505
2021-08-24,92.77,6179,91.36,93.10,91.36
2021-08-25,92.86,8050,92.00,92.86,91.53
2021-08-26,91.57,2476,91.84,92.57,91.28
2021-08-27,92.01,43899,91.41,92.70,91.01
2021-08-30,90.93,33300,91.35,91.59,90.8325
2021-08-31,91.65,269141,91.07,92.32,90.77
2021-09-01,92.54,35642,92.46,92.96,92.28
2021-09-02,93.15,11534,92.76,93.18,92.41
2021-09-03,92.14,19443,92.61,93.50,91.835
2021-09-07,94.23,10631,92.14,94.75,92.14
2021-09-08,93.19,14267,93.75,94.46,93.19
2021-09-09,94.10,224265,92.57,94.10,92.57
2021-09-10,93.34,43596,93.65,93.86,92.99
2021-09-13,97.65,465509,95.25,98.28,95.25
2021-09-14,97.22,180459,97.79,97.83,95.87
2021-09-15,97.96,18017,98.05,98.18,96.95
2021-09-16,96.38,206176,97.92,97.92,95.25
2021-09-17,97.65,442087,95.60,97.91,95.35
2021-09-20,95.76,156386,97.62,97.62,95.52
2021-09-21,97.58,206982,95.99,98.66,95.32
2021-09-22,98.14,12339,98.09,99.15,97.76
2021-09-23,98.66,26056,98.08,98.66,98.08
2021-09-24,98.73,3449,98.54,99.1401,98.45
2021-09-27,99.13,18505,98.94,99.13,98.15
2021-09-28,97.21,11962,98.82,99.1917,97.04
2021-09-29,95.37,29610,97.39,97.68,95.37
2021-09-30,95.60,69007,95.48,96.48,95.35
2021-10-01,96.33,2671,95.86,96.42,95.86
2021-10-04,97.71,20323,95.95,98.14,95.95
2021-10-05,98.14,8429,98.16,98.17,97.765
2021-10-06,100.8401,6968,97.37,100.98,96.33
2021-10-07,103.26,20588,100.98,104.44,100.98
2021-10-08,105.24,457270,103.72,105.24,103.72
2021-10-11,101.24,150059,105.22,105.22,99.79
2021-10-12,101.67,9183,101.70,101.89,100.61
2021-10-13,102.54,16644,101.70,105.05,101.61
2021-10-14,105.86,27905,102.99,105.89,102.99
2021-10-15,109.93,169188,107.00,109.93,107.00
2021-10-18,108.05,23464,109.88,109.88,107.16
2021-10-19,109.26,152564,109.03,109.35,108.11
2021-10-20,112.00,236134,108.68,112.453,108.68
2021-10-21,112.90,128043,112.55,113.41,111.91
2021-10-22,114.50,8437,113.38,114.50,112.92
2021-10-25,113.43,6230,115.46,116.11,113.43
2021-10-26,112.69,27866,112.81,113.90,112.69
2021-10-27,112.74,3854,113.37,113.37,112.41
2021-10-28,113.57,34973,112.23,113.57,111.845
2021-10-29,113.10,100326,113.84,113.84,112.65
2021-11-01,111.67,31935,111.41,112.51,110.41
2021-11-02,110.9659,6676,111.73,112.63,110.8401
2021-11-03,113.84,621161,111.73,113.96,111.73
2021-11-04,113.69,11234,114.41,114.41,112.99
2021-11-05,113.585,14167,114.58,114.59,113.585
2021-11-08,113.30,54191,114.44,114.44,112.35
2021-11-09,117.79,117028,114.71,117.96,114.71
2021-11-10,119.40,55086,118.48,119.40,116.43
2021-11-11,118.75,8602,119.00,119.465,117.61
2021-11-12,116.64,5681,117.29,117.29,115.51
2021-11-15,117.51,41838,116.16,117.60,116.16
2021-11-16,117.11,27260,117.15,117.44,117.11
2021-11-17,118.45,95965,116.44,118.45,116.44
2021-11-18,115.71,335636,118.93,119.14,115.71
2021-11-19,117.57,15336,115.39,117.57,115.29
2021-11-22,116.47,5002,118.281,118.45,116.3934
2021-11-23,117.15,32454,115.39,117.99,115.39
2021-11-24,118.25,23491,117.31,118.69,117.25
2021-11-26,116.30,3214,115.39,116.30,115.38
2021-11-29,117.68,7323,117.27,117.87,116.39
2021-11-30,113.24,24728,114.93,114.93,113.24
2021-12-01,115.26,64892,114.58,115.87,113.50
2021-12-02,114.10,9594,116.60,116.60,114.10
2021-12-03,113.04,24986,113.37,113.37,112.24
2021-12-06,118.34,62538,114.02,119.41,114.02
2021-12-07,117.72,20451,118.26,119.58,117.65
2021-12-08,119.57,46728,118.61,119.76,118.03
2021-12-09,118.51,6857,119.21,119.86,118.51
2021-12-10,117.32,222393,118.77,119.58,116.45
2021-12-13,116.61,15425,117.18,117.31,116.61
2021-12-14,115.61,111106,116.61,118.05,115.34
2021-12-15,116.53,3137,115.13,116.60,115.13
2021-12-16,116.75,5229,117.388,117.97,116.74
2021-12-17,114.99,4155,115.26,116.87,114.97
2021-12-20,114.09,5860,112.71,114.28,112.71
2021-12-21,115.88,3062,115.11,115.88,115.11
2021-12-22,114.91,2692,114.47,114.99,114.47
2021-12-23,114.84,11833,114.71,115.16,114.71
2021-12-27,114.03,2820,114.44,114.5287,114.03
2021-12-28,115.41,1210,114.51,115.41,114.51
2021-12-29,114.83,2606,115.88,115.88,114.66
2021-12-30,115.37,5203,114.68,115.58,114.27
2021-12-31,115.68,33329,115.747,116.11,115.68
2022-01-03,115.7349,28471,115.77,116.74,115.58
2022-01-04,118.16,22218,115.87,118.63,115.87
2022-01-05,113.77,4475,117.82,117.82,113.77
2022-01-06,113.44,8079,113.41,113.58,112.23
2022-01-07,116.46,12436,114.97,116.47,114.97
2022-01-10,116.72,45215,116.07,116.85,114.81
2022-01-11,116.23,29198,115.75,116.51,115.75
2022-01-12,118.6954,3486,115.70,118.6954,115.70
2022-01-13,120.65,351228,119.79,120.68,118.78
2022-01-14,122.56,63151,120.38,122.56,120.38
2022-01-18,120.24,5591,122.56,122.56,120.24
2022-01-19,119.90,26351,119.90,119.90,119.90
2022-01-20,121.20,112520,121.33,121.78,121.20
2022-01-21,116.88,53551,120.33,120.33,116.88
2022-01-24,116.27,29531,115.33,116.27,112.75
2022-01-25,117.335,1341,115.15,117.335,114.85
2022-01-26,116.81,29300,118.70,118.70,115.64
2022-01-27,117.61,11042,118.09,119.17,115.85
2022-01-28,119.92,8404,118.26,119.92,118.26
2022-01-31,120.71,156652,120.00,121.19,119.60
2022-02-01,115.56,77929,115.95,116.72,115.39
2022-02-02,116.42,57803,115.85,116.72,115.85
2022-02-03,114.62,15252,116.715,116.91,114.50
2022-02-04,115.25,98532,114.69,115.25,113.94
2022-02-07,115.7301,2758,116.11,116.11,115.2734
2022-02-08,115.52,6015,116.02,116.02,115.25
2022-02-09,116.68,5726,116.30,116.76,116.30
2022-02-10,109.81,485396,115.76,115.76,108.19
2022-02-11,108.56,7839,111.09,111.36,108.53
2022-02-14,107.35,233594,107.19,107.35,105.81
2022-02-15,108.19,4957,108.51,108.51,107.43
2022-02-16,111.56,6716,108.62,113.18,108.62
2022-02-17,109.84,5839,110.89,110.89,109.52
2022-02-18,108.43,2403,108.828,108.828,108.25
2022-02-22,107.49,23247,107.47,107.59,106.97
2022-02-23,103.90,13330,107.18,107.18,103.90
2022-02-24,105.63,5215,101.62,105.63,101.38
2022-02-25,107.93,3114,106.62,108.14,106.62
2022-02-28,107.79,12001,106.74,108.16,105.83
2022-03-01,107.36,7475,108.14,108.59,106.5067
2022-03-02,108.615,3262,108.50,108.77,108.50
2022-03-03,108.28,8897,108.425,108.8306,107.9759
2022-03-04,106.40,48706,106.80,107.32,106.33
2022-03-07,101.1506,75948,103.62,103.62,100.78
2022-03-08,103.8849,306728,100.84,103.8849,100.59
2022-03-09,105.41,92685,105.17,106.12,105.17
2022-03-10,103.92,25801,104.91,104.91,102.4978
2022-03-11,103.40,167922,103.69,103.94,103.16
2022-03-14,106.26,7821,103.66,106.26,103.66
2022-03-15,109.13,13737,106.94,109.13,106.94
2022-03-16,113.03,40468,110.40,113.03,109.74
2022-03-17,111.04,457748,112.82,112.82,111.04
2022-03-18,110.90,2985,111.61,111.61,110.90
2022-03-21,107.53,53084,110.21,110.29,107.53
2022-03-22,109.67,1798,107.56,109.67,107.56
2022-03-23,109.84,77487,109.39,110.60,109.39
2022-03-24,111.56,2635,109.48,111.56,109.48
2022-03-25,112.155,4280,111.45,112.29,111.45
2022-03-28,113.30,31077,112.90,113.50,112.90
2022-03-29,113.30,1607675,113.52,115.65,112.80
2022-03-30,113.97,5453,113.47,113.99,113.47
2022-03-31,112.44,31000,113.86,114.35,112.44
2022-04-01,115.14,5048,111.99,115.14,111.99
2022-04-04,113.70,3182,115.24,115.24,112.9746
2022-04-05,113.19,3492,113.90,114.55,113.19
2022-04-06,113.58,7227,113.38,113.69,112.91
2022-04-07,115.60,3276,113.51,115.60,113.51
2022-04-08,119.94,15947,115.67,120.36,115.67
2022-04-11,114.11,2913,116.90,116.90,114.05
2022-04-12,117.06,1246,117.06,117.06,117.06
2022-04-13,119.8199,3291,118.18,119.82,118.18
2022-04-14,115.61,5206,117.73,117.73,114.23
2022-04-18,114.19,86843,115.06,115.75,114.19
2022-04-19,115.65,155319,114.05,115.65,114.05
2022-04-20,116.42,125140,116.60,117.13,116.28
2022-04-21,115.75,182163,116.91,116.91,115.75
2022-04-22,114.77,26766,114.77,114.77,114.77
2022-04-25,111.90,2759,114.15,114.15,110.49
2022-04-26,114.34,2277,112.37,114.34,112.37
2022-04-27,117.38,15521,115.00,118.55,115.00
2022-04-28,120.38,242576,117.37,120.94,117.37
2022-04-29,118.84,76725,120.17,121.25,117.85
2022-05-02,117.91,8558,117.94,117.94,115.39
2022-05-03,118.28,8405,117.54,119.80,117.54
2022-05-04,120.84,6471,118.53,120.84,118.53
2022-05-05,117.46,5865,120.33,120.71,116.64
2022-05-06,116.81,5307,117.22,117.61,116.35
2022-05-09,113.51,231250,115.38,115.73,113.36
2022-05-10,110.97,5519,113.26,113.43,109.16
2022-05-11,112.70,3497,111.91,113.51,111.91
2022-05-12,107.64,12990,111.27,111.27,107.64
2022-05-13,108.63,16931,109.16,110.28,108.60
2022-05-16,110.16,211998,109.23,110.16,109.23
2022-05-17,111.49,8994,110.04,113.00,110.04
2022-05-18,110.13,2162,112.54,112.81,109.64
2022-05-19,112.15,1936,110.40,112.15,109.72
2022-05-20,109.03,3602,111.639,111.639,108.169
2022-05-23,111.865,3488,108.56,112.13,108.56
2022-05-24,110.46,38840,109.52,110.48,109.52
2022-05-25,112.77,3517,111.37,112.77,111.37
2022-05-26,111.70,6327,112.77,112.85,111.49
2022-05-27,113.75,6113,112.04,113.75,112.04
2022-05-31,114.25,140268,113.46,114.25,111.73
2022-06-01,113.16,27877,112.81,113.29,110.71
2022-06-02,115.68,19188,114.07,115.74,113.53
2022-06-03,114.51,11758,115.09,115.78,113.92
2022-06-06,112.96,3909,113.07,113.44,112.43
2022-06-07,112.98,29858,112.60,114.08,112.60
2022-06-08,111.73,3978,112.40,112.75,110.98
2022-06-09,108.32,5939,110.75,111.30,108.32
2022-06-10,103.36,61669,107.08,107.08,102.97
2022-06-13,98.97,9973,101.18,101.65,98.88
2022-06-14,95.38,29379,99.15,99.15,94.46
2022-06-15,98.15,32103,95.75,98.9964,95.28
2022-06-16,96.54,79474,96.52,96.73,95.93
2022-06-17,94.28,275674,96.89,96.89,93.60
2022-06-21,96.14,21971,95.45,96.52,95.45
2022-06-22,95.72,66122,95.02,96.19,95.02
2022-06-23,93.93,20535,94.76,95.25,93.50
2022-06-24,97.54,22915,94.47,97.62,94.47
2022-06-27,98.0061,25305,97.71,98.67,97.585
2022-06-28,97.41,22255,97.64,98.59,97.2873
2022-06-29,95.66,85782,97.46,97.46,94.88
2022-06-30,95.60,8538,94.79,96.37,94.18
2022-07-01,96.81,1365,96.33,96.81,95.48
2022-07-05,96.50,672,96.50,96.50,96.50
2022-07-06,95.06,282353,95.42,95.42,94.38
2022-07-07,97.73,344242,95.34,98.03,95.34
2022-07-08,98.45,21390,97.68,98.72,97.68
2022-07-11,97.415,219104,98.00,98.00,97.03
2022-07-12,97.72,30674,96.71,98.31,96.71
2022-07-13,97.50,68915,96.90,98.11,95.72
2022-07-14,96.9242,66325,96.31,96.9242,95.62
2022-07-15,99.21,2044,96.67,100.239,96.50
2022-07-18,99.61,2689,100.40,100.40,99.57
2022-07-19,102.0509,52339,100.13,102.0509,100.13
2022-07-20,102.34,17001,102.41,102.49,100.40
2022-07-21,101.86,14909,100.69,101.86,100.69
2022-07-22,101.7873,3783,101.80,102.51,101.47
2022-07-25,102.42,4010,100.83,102.8468,100.83
2022-07-26,101.41,158889,103.04,103.06,101.23
2022-07-27,102.57,11629,101.80,103.05,101.71
2022-07-28,103.10,19179,103.25,103.4732,101.36
2022-07-29,103.83,65365,103.71,103.83,102.61
2022-08-01,103.86,2921,103.82,103.94,103.57
2022-08-02,104.46,137872,104.33,105.36,104.33
2022-08-03,105.80,7009,104.68,105.83,104.67
2022-08-04,105.83,3356,105.89,105.89,105.25
2022-08-05,105.44,10886,105.44,105.48,104.64
2022-08-08,106.91,131736,106.35,107.76,106.35
2022-08-09,107.05,55009,107.05,107.57,106.50
2022-08-10,108.82,88168,108.55,109.00,107.70
2022-08-11,111.14,1720,111.00,111.43,111.00
2022-08-12,112.03,3778,111.29,112.03,110.58
2022-08-15,114.17,2739,111.99,114.27,111.99
2022-08-16,114.63,1467,114.30,114.63,113.78
2022-08-17,112.39,48202,112.16,112.74,112.16
2022-08-18,112.77,82410,112.26,112.93,112.26
2022-08-19,112.15,14290,112.24,112.24,111.62
2022-08-22,109.76,2588,110.38,110.38,109.76
2022-08-23,108.62,33374,110.22,110.22,108.37
2022-08-24,111.12,6509,109.11,111.12,109.11
2022-08-25,114.87,1829,111.23,114.94,111.23
2022-08-26,114.48,127838,114.66,115.197,114.24
2022-08-29,115.38,8111,114.35,115.65,114.35
2022-08-30,112.41,14960,111.80,112.93,111.80
2022-08-31,114.19,24658,113.36,114.19,113.36
2022-09-01,115.04,4934,113.60,115.34,112.76
2022-09-02,115.49,1422,115.51,115.54,115.49
2022-09-06,112.69,8393,114.91,114.91,111.84
2022-09-07,116.40,34448,114.11,116.48,114.11
2022-09-08,117.48,5250,116.07,118.67,116.07
2022-09-09,118.2405,2869,117.98,118.98,117.63
2022-09-12,119.81,230221,118.39,120.5926,118.39
2022-09-13,118.13,3213,118.02,120.35,118.00
2022-09-14,120.4035,305789,119.10,120.636,119.10
2022-09-15,119.56,7090,120.64,120.64,119.39
2022-09-16,119.41,4396,117.90,119.62,117.90
2022-09-19,122.39,19719,120.82,122.39,120.82
2022-09-20,121.1756,296425,122.49,122.77,120.56
2022-09-21,118.8715,330031,122.13,122.13,118.8715
2022-09-22,118.37,6976,118.03,119.01,117.16
2022-09-23,115.52,15188,115.15,115.93,112.52
2022-09-26,116.82,24580,119.41,120.67,116.77
2022-09-27,114.43,4035,118.00,118.00,114.43
2022-09-28,116.69,6461,115.17,116.69,114.60
2022-09-29,113.81,364249,117.17,117.1901,113.81
2022-09-30,114.24,497598,113.29,115.23,112.48
2022-10-03,119.66,308764,116.06,120.31,115.00
2022-10-04,128.31,19523,121.37,128.31,121.37
2022-10-05,132.50,267192,125.51,133.20,125.45
2022-10-06,131.831,192841,132.20,135.48,131.1126
2022-10-07,134.07,33157,131.42,134.47,131.42
2022-10-10,127.8317,178356,135.00,135.00,127.8317
2022-10-11,128.72,24347,126.94,129.18,126.94
2022-10-12,127.59,43525,129.01,130.41,126.91
2022-10-13,129.39,731125,125.00,129.39,125.00
2022-10-14,125.6496,27646,129.14,129.14,125.6496
2022-10-17,128.02,74449,128.27,128.72,126.85
2022-10-18,128.22,3936,129.21,129.21,127.56
2022-10-19,126.5685,23176,127.02,127.88,126.5685
2022-10-20,127.23,81866,126.69,127.23,126.50
2022-10-21,130.9705,4930,129.42,131.42,129.42
2022-10-24,132.905,4386,131.54,133.09,130.9548
2022-10-25,135.61,209542,134.55,136.74,134.15
2022-10-26,136.54,235859,135.67,137.47,135.67
2022-10-27,138.0864,520068,136.68,139.79,136.63
2022-10-28,137.28,17288,136.82,138.35,136.73
2022-10-31,134.12,4266,136.32,136.32,134.12
2022-11-01,137.36,6970,135.26,137.36,135.26
2022-11-02,135.97,2897,136.77,137.69,135.90
2022-11-03,136.79,403801,133.76,136.80,133.00
2022-11-04,137.20,485837,138.60,138.60,136.4364
2022-11-07,135.81,30888,135.81,135.81,135.81
2022-11-08,134.76,3749,135.56,135.56,134.36
2022-11-09,133.32,16139,134.10,134.10,133.32
2022-11-10,133.66,54961,133.35,134.50,132.94
2022-11-11,133.25,1821,133.70,134.27,133.17
2022-11-14,129.38,6572,132.34,132.34,129.38
2022-11-15,129.10,44753,131.34,131.34,129.10
2022-11-16,132.30,5578,128.50,132.30,128.50
2022-11-17,130.08,8662,130.20,131.06,129.80
2022-11-18,131.3704,11246,131.56,131.56,131.3704
2022-11-21,133.07,276598,133.55,133.55,132.84
2022-11-22,134.67,1184,133.56,134.67,133.56
2022-11-23,133.30,1680,134.15,134.15,133.03
2022-11-25,135.91,28064,134.93,136.09,134.93
2022-11-28,135.54,3122,135.63,135.63,135.08
2022-11-29,134.89,6353,135.38,135.38,134.34
2022-11-30,138.93,10501,135.31,139.32,135.22
2022-12-01,139.48,2125,139.19,140.67,138.99
2022-12-02,138.745,26155,139.847,139.847,138.745
2022-12-05,136.36,5286,138.94,139.98,135.9501
2022-12-06,136.59,7097,136.02,137.19,135.63
2022-12-07,138.08,11234,137.10,138.08,137.10
2022-12-08,137.02,55568,136.99,137.10,135.64
2022-12-09,138.24,7176,137.01,138.72,137.01
2022-12-12,141.74,20017,139.61,141.74,139.58
2022-12-13,141.69,38186,140.52,141.70,139.69
2022-12-14,145.15,67917,142.02,145.15,140.86
2022-12-15,143.53,31168,145.36,145.36,142.67
2022-12-16,141.98,60134,142.43,143.40,140.94
2022-12-19,140.01,12237,139.11,140.10,138.64
2022-12-20,140.94,3608,142.25,142.25,140.87
2022-12-21,141.46,855,141.44,141.46,141.44
2022-12-22,141.29,3636,140.46,141.29,140.30
2022-12-23,142.01,26730,141.85,142.01,141.85
2022-12-27,145.25,3679,143.72,145.33,143.72
2022-12-28,142.82,3162,145.53,145.53,142.82
2022-12-29,144.36,2560,144.49,144.58,144.36
2022-12-30,144.24,15586,143.57,144.47,143.57
2023-01-03,139.29,125932,144.24,144.24,139.02
2023-01-04,140.96,3136,139.56,141.45,138.84
2023-01-05,139.05,7191,138.85,139.97,138.85
2023-01-06,141.14,242814,140.95,141.56,139.27
2023-01-09,141.41,55449,140.30,142.753,140.30
2023-01-10,141.47,8504,139.26,141.47,138.17
2023-01-11,139.88,2651,140.59,140.59,139.70
2023-01-12,141.40,106304,140.56,142.71,140.56
2023-01-13,140.63,6380,140.06,140.88,139.32
2023-01-17,140.63,23563,141.55,141.55,140.63
2023-01-18,138.53,3007,141.14,141.29,138.53
2023-01-19,137.43,888,137.53,137.95,137.43
2023-01-20,138.77,3170,137.34,138.78,137.34
2023-01-23,139.50,1438,140.28,140.28,139.50
2023-01-24,140.89,943,140.30,140.89,139.99
2023-01-25,141.56,2420,139.90,141.56,139.90
2023-01-26,140.83,2782,141.05,141.64,140.55
2023-01-27,142.70,465,142.10,142.70,142.10
2023-01-30,141.95,1377,141.96,141.96,141.95
2023-01-31,141.26,84047,140.98,141.26,139.80
2023-02-01,138.85,3405,140.08,140.08,138.81
2023-02-02,138.93,204580,141.54,141.54,137.45
2023-02-03,137.85,2603,137.20,138.30,137.20
2023-02-06,138.85,1750,137.10,138.85,137.10
2023-02-07,138.64,148070,138.88,138.88,137.05
2023-02-08,137.95,1745,137.62,137.95,137.29
2023-02-09,137.69,2128,138.20,138.67,137.52
2023-02-10,137.52,2676,137.67,138.75,137.20
2023-02-13,139.18,39468,138.57,139.23,138.36
2023-02-14,136.82,11364,137.39,138.71,136.34
2023-02-15,138.93,13573,136.41,139.03,136.32
2023-02-16,137.295,122535,137.02,138.05,137.02
2023-02-17,136.75,5711,136.48,137.22,136.20
2023-02-21,135.78,10412,136.37,136.41,135.78
2023-02-22,136.64,45179,135.05,137.35,134.19
2023-02-23,134.14,8556,137.10,137.10,132.18
2023-02-24,135.97,7435,134.51,137.86,134.51
2023-02-27,138.51,7468,137.73,139.945,137.73
2023-02-28,138.00,376439,136.97,139.09,136.97
2023-03-01,137.34,2358,136.73,137.34,135.65
2023-03-02,139.43,2851,137.51,139.43,137.51
2023-03-03,143.17,6092,140.20,144.01,138.96
2023-03-06,145.47,139392,142.91,146.15,142.91
2023-03-07,143.22,5482,146.37,146.63,143.20
2023-03-08,143.09,4920,142.43,143.14,141.10
2023-03-09,141.44,10041,143.82,143.91,141.19
2023-03-10,138.85,6224,140.88,142.04,138.02
2023-03-13,131.57,34421,136.25,140.48,131.57
2023-03-14,140.34,15872,137.68,141.74,137.68
2023-03-15,138.85,12342,138.39,139.40,137.27
2023-03-16,141.71,48510,138.90,141.71,138.39
2023-03-17,140.94,2978,141.03,141.31,140.94
2023-03-20,138.81,13824,140.84,141.18,138.81
2023-03-21,139.73,3261,139.60,141.25,139.52
2023-03-22,136.66,7090,139.8604,139.8604,136.66
2023-03-23,133.86,8895,134.20,134.21,133.86
2023-03-24,136.19,1490,136.19,136.19,136.19
2023-03-27,138.43,1953,138.27,138.71,138.27
2023-03-28,138.38,2721,139.68,139.93,138.38
2023-03-29,139.29,3632,139.77,139.96,139.29
2023-03-30,139.29,5660,138.88,139.62,138.88
2023-03-31,142.33,32502,139.77,142.33,139.77
2023-04-03,142.25,12521,142.30,142.8601,142.25
2023-04-04,141.25,2914,142.08,142.08,141.01
2023-04-05,142.03,559,142.03,142.03,142.03
2023-04-06,145.50,150736,144.08,145.56,144.08
2023-04-10,146.90,4699,146.00,146.90,145.74
2023-04-11,147.24,11862,146.79,147.35,146.79
2023-04-12,148.07,8235,145.35,148.67,144.53
2023-04-13,147.27,2172,148.28,148.28,145.96
2023-04-14,148.02,5075,147.62,148.02,147.24
2023-04-17,147.345,1572,147.69,147.69,146.91
2023-04-18,147.80,108190,148.23,148.23,147.37
2023-04-19,147.38,3982,146.88,147.38,146.80
2023-04-20,148.11,5287,147.68,148.19,147.21
2023-04-21,147.99,4458,147.63,148.56,147.63
2023-04-24,149.06,1351,147.88,149.06,147.88
2023-04-25,150.97,215845,149.73,150.97,149.73
2023-04-26,148.47,3165,150.38,150.38,148.16
2023-04-27,149.15,3819,148.14,149.31,147.93
2023-04-28,149.89,113423,148.98,150.04,148.76
2023-05-01,150.93,14347,150.92,151.01,150.74
2023-05-02,151.00,12974,151.08,151.08,151.00
2023-05-03,151.11,4206,151.61,152.40,149.84
2023-05-04,150.58,10355,151.88,152.23,147.93
2023-05-05,151.40,2655,152.21,152.21,151.20
2023-05-08,152.22,165017,151.9752,152.49,151.9752
2023-05-09,151.71,292657,152.00,152.00,150.83
2023-05-10,152.05,2466,152.22,152.22,150.34
2023-05-11,152.1625,2999,151.02,152.1625,150.635
2023-05-12,151.32,3984,151.46,152.94,149.95
2023-05-15,148.39,107022,150.92,150.92,148.07
2023-05-16,146.50,121688,148.04,148.24,145.83
2023-05-17,145.60,11795,145.91,146.58,144.71
2023-05-18,143.83,327216,144.62,144.67,143.67
2023-05-19,143.97,6823,144.58,146.0961,143.97
2023-05-22,143.225,5621,143.33,145.11,143.18
2023-05-23,142.47,4159,144.05,145.10,142.425
2023-05-24,142.66,59940,141.83,142.66,141.83
2023-05-25,142.74,19485,142.92,142.92,140.97
2023-05-26,143.45,4545,142.02,143.45,141.48
2023-05-30,145.57,9709,145.81,147.61,144.32
2023-05-31,147.49,103507,145.93,147.49,145.58
2023-06-01,145.07,12506,147.02,147.02,143.63
2023-06-02,144.60,438339,144.49,145.24,144.20
2023-06-05,145.92,178083,144.95,148.47,144.67
2023-06-06,147.49,12776,147.26,148.94,146.73
2023-06-07,148.61,3922,147.33,148.92,147.33
2023-06-08,147.32,10796,148.61,148.61,147.17
2023-06-09,146.59,3561,147.58,148.36,146.30
2023-06-12,146.90,5838,146.89,148.83,145.94
2023-06-13,147.40,46147,147.067,147.40,146.55
2023-06-14,149.58,6581,147.76,149.58,147.76
2023-06-15,150.03,6061,149.21,150.05,149.21
2023-06-16,150.65,50940,150.8503,150.8503,150.65
2023-06-20,146.67,39725,151.39,151.39,146.28
2023-06-21,149.29,67195,145.75,150.07,145.75
2023-06-22,149.80,37729,150.46,150.48,149.37
2023-06-23,146.27,35173,149.48,149.65,146.27
2023-06-26,146.60,3818,146.62,146.62,145.93
2023-06-27,146.73,5860,146.06,147.05,145.75
2023-06-28,146.79,12802,146.12,147.72,146.12
2023-06-29,147.73,1944454,145.93,149.77,145.66
2023-06-30,149.51,1772620,149.19,150.55,148.89
2023-07-03,149.60,7806,149.16,149.60,148.81
2023-07-05,154.41,12104,149.75,156.21,149.42
2023-07-06,149.55,1565334,153.88,154.19,149.55
2023-07-07,150.30,290695,149.69,152.44,149.69
2023-07-10,150.44,335411,150.46,150.53,149.07
2023-07-11,153.24,146795,150.65,153.24,150.20
2023-07-12,157.66,38381,154.24,157.66,153.54
2023-07-13,155.36,180010,156.71,157.15,155.36
2023-07-14,154.16,174955,153.49,156.20,153.49
2023-07-17,154.40,126278,154.15,156.05,154.15
2023-07-18,152.05,9656,153.98,155.00,152.01
2023-07-19,154.08,15587,151.87,155.39,151.74
2023-07-20,156.91,34949,153.21,156.91,153.21
2023-07-21,155.44,7846,154.99,156.31,153.78
2023-07-24,156.84,31881,155.55,156.84,153.83
2023-07-25,155.45,10744,155.65,156.20,154.24
2023-07-26,157.00,21198,154.84,157.00,154.64
2023-07-27,152.32,162567,155.22,155.30,151.87
2023-07-28,152.89,96090,152.81,154.41,151.13
2023-07-31,152.77,627492,154.01,154.01,151.09
2023-08-01,151.9576,348654,152.47,152.89,151.85
2023-08-02,152.10,6569,149.46,152.10,149.46
2023-08-03,150.01,56718,151.62,152.30,150.01
2023-08-04,148.06,13092,150.66,150.74,147.80
2023-08-07,151.73,47125,149.00,152.29,148.95
2023-08-08,151.95,57231,150.84,151.95,150.10
2023-08-09,151.14,252120,151.93,152.87,150.68
2023-08-10,150.71,50341,152.06,152.53,150.71
2023-08-11,150.81,26271,152.95,152.95,150.46
2023-08-14,147.00,268504,149.97,149.97,146.77
